Date,Query,Country,Clicks,Impressions,CTR,Position
2026-01-26,防音室 加湿器,jpn,2,4,50.0%,3.3
2026-01-09,防音室 加湿器,jpn,2,3,66.7%,3.0
2026-01-06,防音室 1.5畳,jpn,2,2,100.0%,42.5
2026-01-24,防音室 値段,jpn,1,8,12.5%,65.4
2026-02-12,配信部屋 レイアウト,jpn,1,5,20.0%,10.0
2026-01-10,防音室 加湿器,jpn,1,4,25.0%,10.8
2026-01-28,クローゼット 防音室 賃貸,jpn,1,4,25.0%,7.5
2026-01-31,防音室 加湿器,jpn,1,4,25.0%,2.5
2026-03-04,防音室 経費,jpn,1,4,25.0%,8.5
2026-02-24,rew rt60,jpn,1,3,33.3%,5.0
2026-02-28,防音室 自作,jpn,1,3,33.3%,51.3
2026-03-09,賃貸 防音室 許可 なぜ,jpn,1,3,33.3%,11.7
2026-03-12,防音マスク ゲーム 自作,jpn,1,3,33.3%,13.3
2026-01-03,防音室 加湿器,jpn,1,2,50.0%,3.0
2026-01-04,vtuber 防音対策,jpn,1,2,50.0%,24.5
2026-01-08,防音室 加湿器,jpn,1,2,50.0%,3.0
2026-01-09,賃貸 防音室 許可,jpn,1,2,50.0%,11.5
2026-01-14,防音室 加湿器,jpn,1,2,50.0%,3.0
2026-01-16,防音室 加湿器,jpn,1,2,50.0%,3.0
2026-02-07,防音室 加湿器,jpn,1,2,50.0%,3.0
2026-02-08,防音室 加湿器,jpn,1,2,50.0%,2.0
2026-02-11,ベーストラップ,jpn,1,2,50.0%,18.5
2026-02-14,防音室 加湿器,jpn,1,2,50.0%,1.5
2026-02-15,伊丹 空港 騒音 補助金 いくら,jpn,1,2,50.0%,10.5
2026-02-19,防音室 diy,jpn,1,2,50.0%,26.5
2026-02-25,アビテックス 賃貸 許可,jpn,1,2,50.0%,8.5
2026-02-27,防音室レンタル 月額,jpn,1,2,50.0%,26.5
2026-03-06,賃貸 防音室 許可 なぜ,jpn,1,2,50.0%,13.0
2026-03-10,賃貸 防音室,jpn,1,2,50.0%,11.0
2026-03-13,防音マスク ゲーム 自作,jpn,1,2,50.0%,13.5
2026-01-03,rt60 rew,jpn,1,1,100.0%,6.0
2026-01-10,ユニット式防音室,jpn,1,1,100.0%,22.0
2026-01-12,防音室 値段,jpn,1,1,100.0%,79.0
2026-01-12,防音室 自作,jpn,1,1,100.0%,14.0
2026-01-13,vtuber 賃貸,jpn,1,1,100.0%,24.0
2026-01-17,ワンタッチ防音壁 効果,jpn,1,1,100.0%,27.0
2026-01-26,配信 防音室,jpn,1,1,100.0%,17.0
2026-01-27,防音室 自作 クローゼット,jpn,1,1,100.0%,15.0
2026-01-28,防音室 4.5畳 値段,jpn,1,1,100.0%,17.0
2026-02-02,防音室 3畳 広さ,jpn,1,1,100.0%,19.0
2026-02-04,防音室 加湿器,jpn,1,1,100.0%,3.0
2026-02-08,防音室 2畳 広さ,jpn,1,1,100.0%,54.0
2026-02-09,マイク キーボード音 入らないようにする,jpn,1,1,100.0%,22.0
2026-02-09,防音室 加湿器,jpn,1,1,100.0%,1.0
2026-02-10,クローゼット 防音室,jpn,1,1,100.0%,14.0
2026-02-11,rt60 rew,jpn,1,1,100.0%,3.0
2026-02-13,ワンタッチ防音壁 評判,jpn,1,1,100.0%,24.0
2026-02-13,防音室 加湿器,jpn,1,1,100.0%,2.0
2026-02-16,防音室 値段 2畳,jpn,1,1,100.0%,24.0
2026-02-18,クローゼット 配信部屋,jpn,1,1,100.0%,19.0
2026-02-18,防音室 diy キット,jpn,1,1,100.0%,14.0
2026-02-18,防音室 加湿器,jpn,1,1,100.0%,2.0
2026-02-19,防音室 自作 クローゼット,jpn,1,1,100.0%,13.0
2026-02-21,配信 キーボード音,jpn,1,1,100.0%,9.0
2026-02-24,ユニット防音室,jpn,1,1,100.0%,21.0
2026-02-25,伊丹 空港 騒音 補助金 いくら,tha,1,1,100.0%,8.0
2026-02-28,防音室 加湿器,jpn,1,1,100.0%,2.0
2026-03-01,ワンタッチ防音壁 自作,jpn,1,1,100.0%,38.0
2026-03-01,防音室 安い おすすめ,jpn,1,1,100.0%,12.0
2026-03-02,アビテックス 賃貸 許可,jpn,1,1,100.0%,10.0
2026-03-02,クローゼット防音室,jpn,1,1,100.0%,23.0
2026-03-03,防音室 賃貸 名古屋,jpn,1,1,100.0%,8.0
2026-03-04,防音 壁,jpn,1,1,100.0%,21.0
2026-03-04,音響メタマテリアル,jpn,1,1,100.0%,14.0
2026-03-07,防音室 加湿器,jpn,1,1,100.0%,2.0
2026-03-08,ワンタッチ防音壁 評判,jpn,1,1,100.0%,26.0
2026-03-08,防音室 加湿器,jpn,1,1,100.0%,1.0
2026-03-10,otodasu 賃貸 許可,jpn,1,1,100.0%,13.0
2026-03-14,防音賃貸 埼玉,jpn,1,1,100.0%,22.0
2026-03-16,1.5畳 防音室,jpn,1,1,100.0%,24.0
2026-03-20,防音マスク 自作,jpn,1,1,100.0%,26.0
2026-03-21,防音マスク ゲーム 自作,jpn,1,1,100.0%,13.0
2025-12-22,livestream soundproof,usa,0,123,0.0%,22.2
2025-12-24,livestream soundproof,usa,0,66,0.0%,22.6
2025-12-23,livestream soundproof,usa,0,58,0.0%,23.0
2026-02-19,vtuber 防音室 トレンド 2026,usa,0,26,0.0%,1.1
2026-02-18,vtuber 防音室 トレンド 2026,usa,0,21,0.0%,1.0
2026-02-19,賃貸 自作防音室 無断 トラブル or 退去時,usa,0,18,0.0%,1.0
2026-02-20,vtuber 防音室 トレンド 2026,usa,0,16,0.0%,1.8
2025-12-27,japan building code news december 2025,usa,0,12,0.0%,8.8
2026-01-31,防音室 エアコン 換気扇,jpn,0,11,0.0%,36.2
2026-03-19,防音室 100万,jpn,0,11,0.0%,34.1
2026-01-01,how to measure rt60 reverberation time in practice practical methods,usa,0,10,0.0%,14.1
2026-02-19,防音室 100万,jpn,0,10,0.0%,24.0
2026-02-17,防音室 ハウスメーカー おすすめ,jpn,0,9,0.0%,20.9
2025-12-25,japan building code news december 2025,usa,0,8,0.0%,9.6
2026-01-01,防音室 100万,jpn,0,8,0.0%,20.5
2026-01-29,防音室 値段,jpn,0,8,0.0%,64.8
2026-02-01,how much does it cost to soundproof a room,usa,0,8,0.0%,74.9
2026-02-06,防音室 ハウスメーカー おすすめ,jpn,0,8,0.0%,22.8
2026-03-05,吸音材 貼り方 位置,jpn,0,8,0.0%,22.3
2026-03-05,防音室 100万,jpn,0,8,0.0%,29.3
2026-03-05,隣人 楽器 演奏 時間帯,jpn,0,8,0.0%,22.8
2026-03-08,日本 集合住宅 遮音基準 欧米比較,usa,0,8,0.0%,1.0
2025-12-26,防音室 値段,jpn,0,7,0.0%,68.9
2025-12-31,防音室 値段,jpn,0,7,0.0%,53.9
2026-01-01,how to measure rt60 reverberation time in practice diy methods,usa,0,7,0.0%,14.6
2026-01-04,一人暮らし 配信 防音,jpn,0,7,0.0%,8.6
2026-01-17,防音室 値段,jpn,0,7,0.0%,70.3
2026-01-24,防音室 ハウスメーカー おすすめ,jpn,0,7,0.0%,23.0
2026-01-31,how much does it cost to soundproof a room,usa,0,7,0.0%,68.6
2026-02-07,防音室 価格,jpn,0,7,0.0%,73.0
2026-02-10,otodasu だん ぼっ ち 比較,jpn,0,7,0.0%,7.0
2026-03-05,防音室 自作 効果 測定,jpn,0,7,0.0%,26.0
2026-03-16,防音マスク ゲーム 自作,jpn,0,7,0.0%,6.1
2026-03-19,賃貸 防音室 大阪,jpn,0,7,0.0%,44.0
2025-12-22,japan building code news,usa,0,6,0.0%,2.0
2026-01-08,japan building code news,usa,0,6,0.0%,3.0
2026-01-09,防音室 100万,jpn,0,6,0.0%,11.5
2026-01-11,how much does it cost to soundproof a room,usa,0,6,0.0%,55.8
2026-01-17,how much does it cost to soundproof a room,usa,0,6,0.0%,76.3
2026-01-17,防音室 エアコン 換気扇,jpn,0,6,0.0%,40.0
2026-01-24,how much does it cost to soundproof a room,usa,0,6,0.0%,68.3
2026-01-31,防音室 値段,jpn,0,6,0.0%,59.3
2026-02-07,防音室 エアコン 換気扇,jpn,0,6,0.0%,39.8
2026-03-05,アパート 楽器相談,jpn,0,6,0.0%,36.8
2026-03-15,防音マスク ゲーム 自作,jpn,0,6,0.0%,7.7
2025-12-24,japan building code news december 2025,usa,0,5,0.0%,8.6
2025-12-26,japan building code news,usa,0,5,0.0%,2.0
2025-12-30,japan building code news,usa,0,5,0.0%,2.0
2025-12-31,japan building code updates,usa,0,5,0.0%,4.0
2026-01-02,防音室,jpn,0,5,0.0%,84.0
2026-01-02,防音室 値段,jpn,0,5,0.0%,63.0
2026-01-06,japan building code news,usa,0,5,0.0%,3.0
2026-01-06,防音工事 補助金,jpn,0,5,0.0%,1.0
2026-01-08,防音室 ハウスメーカー おすすめ,jpn,0,5,0.0%,25.4
2026-01-10,how much does it cost to soundproof a room,usa,0,5,0.0%,54.6
2026-01-16,防音室 ハウスメーカー おすすめ,jpn,0,5,0.0%,24.2
2026-01-20,配信者向け賃貸,jpn,0,5,0.0%,40.6
2026-01-20,防音室 加湿器,jpn,0,5,0.0%,2.2
2026-01-24,賃貸 防音室 許可,jpn,0,5,0.0%,15.4
2026-01-24,防音室 エアコン 換気扇,jpn,0,5,0.0%,45.6
2026-01-25,防音室 値段,jpn,0,5,0.0%,56.0
2026-01-26,how much does it cost to soundproof a room,usa,0,5,0.0%,66.2
2026-01-31,how to soundproof a room cheaply,usa,0,5,0.0%,73.0
2026-01-31,防音室 価格,jpn,0,5,0.0%,67.2
2026-02-02,how much does it cost to soundproof a room,usa,0,5,0.0%,71.0
2026-02-02,一戸建て 騒音苦情,jpn,0,5,0.0%,30.4
2026-02-02,防音室 ハウスメーカー おすすめ,jpn,0,5,0.0%,20.4
2026-02-05,防音室 ハウスメーカー おすすめ,jpn,0,5,0.0%,20.2
2026-02-19,アビテックス 賃貸 許可,jpn,0,5,0.0%,8.8
2026-02-19,ワンタッチ防音壁 効果,jpn,0,5,0.0%,10.4
2026-02-19,配信部屋 レイアウト,jpn,0,5,0.0%,7.8
2026-02-20,防音室 ハウスメーカー おすすめ,jpn,0,5,0.0%,20.6
2026-02-26,防音室 賃貸 埼玉,jpn,0,5,0.0%,42.0
2026-03-07,how much does it cost to soundproof a room,usa,0,5,0.0%,56.2
2026-03-14,防音マスク ゲーム 自作,jpn,0,5,0.0%,7.0
2026-03-19,千葉 防音室 物件,jpn,0,5,0.0%,35.2
2026-03-19,防音室 埼玉,jpn,0,5,0.0%,44.0
2025-12-23,japan building code news december 2025,usa,0,4,0.0%,10.0
2025-12-25,japan building code news,usa,0,4,0.0%,2.0
2025-12-25,防音室 100万,jpn,0,4,0.0%,11.0
2025-12-26,japan building code news december 2025,usa,0,4,0.0%,11.0
2025-12-26,防音室 ハウスメーカー おすすめ,jpn,0,4,0.0%,27.0
2025-12-26,防音室 価格,jpn,0,4,0.0%,73.3
2025-12-29,防音室 ハウスメーカー おすすめ,jpn,0,4,0.0%,26.5
2025-12-31,防音室 加湿器,jpn,0,4,0.0%,3.0
2026-01-01,how to measure rt60 in practice room acoustics edm venue,usa,0,4,0.0%,19.3
2026-01-01,how to measure rt60 reverberation time in practice step by step,usa,0,4,0.0%,17.3
2026-01-01,防音室,jpn,0,4,0.0%,74.8
2026-01-01,防音室 加湿器,jpn,0,4,0.0%,3.0
2026-01-02,防音室 価格,jpn,0,4,0.0%,64.3
2026-01-05,japan building code news,usa,0,4,0.0%,2.0
2026-01-10,防音室 ハウスメーカー おすすめ,jpn,0,4,0.0%,24.3
2026-01-11,防音室 価格,jpn,0,4,0.0%,80.5
2026-01-15,防音室 100万,jpn,0,4,0.0%,12.8
2026-01-16,how much does it cost to soundproof a room,usa,0,4,0.0%,81.0
2026-01-16,japan building code news,usa,0,4,0.0%,2.3
2026-01-17,防音室 価格,jpn,0,4,0.0%,69.5
2026-01-17,防音室 加湿器,jpn,0,4,0.0%,3.0
2026-01-20,防音室 ハウスメーカー おすすめ,jpn,0,4,0.0%,25.3
2026-01-21,how much does it cost to build a soundproof room,gbr,0,4,0.0%,67.3
2026-01-21,japan sound masking system market,usa,0,4,0.0%,58.8
2026-01-21,防音室 値段,jpn,0,4,0.0%,69.5
2026-01-22,防音室 ハウスメーカー おすすめ,jpn,0,4,0.0%,23.0
2026-01-23,how much does it cost to soundproof a room,usa,0,4,0.0%,73.5
2026-01-23,japan sound masking system market,usa,0,4,0.0%,49.0
2026-01-24,japan building code news,usa,0,4,0.0%,3.0
2026-01-24,クローゼット 防音室,jpn,0,4,0.0%,32.0
2026-01-24,防音室 価格,jpn,0,4,0.0%,73.3
2026-01-25,how much does it cost to soundproof a room,usa,0,4,0.0%,71.0
2026-01-26,テレワーク 家族 うるさい,jpn,0,4,0.0%,58.0
2026-01-30,グランド ループ 対策,jpn,0,4,0.0%,44.8
2026-01-30,防音室 100万,jpn,0,4,0.0%,24.8
2026-01-30,防音室 ハウスメーカー おすすめ,jpn,0,4,0.0%,23.3
2026-01-31,防音室 ハウスメーカー おすすめ,jpn,0,4,0.0%,21.5
2026-01-31,音楽教室 防音室,jpn,0,4,0.0%,61.0
2026-02-01,一戸建て 騒音苦情,jpn,0,4,0.0%,35.0
2026-02-03,日本の防音市場,jpn,0,4,0.0%,40.3
2026-02-05,防音室 値段,jpn,0,4,0.0%,67.0
2026-02-07,防音室 ハウスメーカー おすすめ,jpn,0,4,0.0%,23.3
2026-02-07,防音室 値段,jpn,0,4,0.0%,67.8
2026-02-08,how much does it cost to soundproof a room,usa,0,4,0.0%,66.8
2026-02-08,how to soundproof a room cheaply,usa,0,4,0.0%,70.3
2026-02-10,how much does it cost to soundproof a room,usa,0,4,0.0%,79.5
2026-02-12,伊丹 空港 騒音 補助金 いくら,jpn,0,4,0.0%,10.0
2026-02-15,一戸建て 騒音苦情,jpn,0,4,0.0%,29.5
2026-02-16,dr-35 dr-40 違い,jpn,0,4,0.0%,10.5
2026-02-16,一戸建て 騒音苦情,jpn,0,4,0.0%,29.8
2026-02-16,配信部屋 レイアウト,jpn,0,4,0.0%,9.5
2026-02-18,vtuber 防音室 トレンド 2026,bra,0,4,0.0%,1.0
2026-02-18,配信部屋 レイアウト,jpn,0,4,0.0%,13.8
2026-02-19,vtuber 防音室 トレンド 2026,bra,0,4,0.0%,1.0
2026-02-19,防音室 賃貸 埼玉,jpn,0,4,0.0%,40.3
2026-02-20,防音部屋の作り方,jpn,0,4,0.0%,73.0
2026-02-21,賃貸 自作防音室 無断 トラブル or 退去時,jpn,0,4,0.0%,3.8
2026-02-26,グランド ループ ノイズ 対策,jpn,0,4,0.0%,39.5
2026-03-05,一戸建て 騒音苦情,jpn,0,4,0.0%,27.3
2026-03-05,防音室 自作 遮音シート 効果,jpn,0,4,0.0%,28.5
2026-03-06,アース ノイズ 対策,jpn,0,4,0.0%,45.3
2026-03-08,how much does it cost to soundproof a room,usa,0,4,0.0%,51.3
2026-03-10,musision,usa,0,4,0.0%,6.0
2026-03-10,防音 室 値段,jpn,0,4,0.0%,45.3
2026-03-12,how much does it cost to soundproof a room,usa,0,4,0.0%,71.8
2026-03-12,防音室 賃貸 埼玉,jpn,0,4,0.0%,35.3
2026-03-14,how much does it cost to soundproof a room,usa,0,4,0.0%,62.5
2026-03-14,ピアノ 防音室,jpn,0,4,0.0%,77.8
2026-03-14,防音室 自作,jpn,0,4,0.0%,56.8
2026-03-16,防音室 値段,jpn,0,4,0.0%,49.0
2026-03-18,防音マスク ゲーム 自作,jpn,0,4,0.0%,32.0
2026-03-19,防音室 値段,jpn,0,4,0.0%,41.0
2026-03-19,防音室 賃貸 神戸,jpn,0,4,0.0%,33.5
2026-03-21,防音室 エアコン 換気扇,jpn,0,4,0.0%,32.3
2026-03-21,防音室 価格,jpn,0,4,0.0%,49.0
2026-03-21,防音室 値段,jpn,0,4,0.0%,41.8
2025-12-22,japan building code news december 2025,usa,0,3,0.0%,9.3
2025-12-22,japan building code news today 2025,usa,0,3,0.0%,3.0
2025-12-22,japan building code update 2025 news,usa,0,3,0.0%,3.0
2025-12-23,japan building code news,usa,0,3,0.0%,2.0
2025-12-23,japan building code update news 2025 december,usa,0,3,0.0%,10.0
2025-12-23,japan building code updates today,usa,0,3,0.0%,2.0
2025-12-24,japan building code update news december 2025,usa,0,3,0.0%,8.3
2025-12-24,sound suppression technology latest developments 2025,usa,0,3,0.0%,22.0
2025-12-25,bouon,fra,0,3,0.0%,3.0
2025-12-25,防音室 ハウスメーカー おすすめ,jpn,0,3,0.0%,25.7
2025-12-26,防音室 エアコン 換気扇,jpn,0,3,0.0%,28.3
2025-12-29,伊丹 空港 騒音 補助金 いくら,jpn,0,3,0.0%,9.3
2025-12-30,防音 室 値段,jpn,0,3,0.0%,66.0
2025-12-31,japan building code news,usa,0,3,0.0%,2.0
2025-12-31,防音室 ハウスメーカー おすすめ,jpn,0,3,0.0%,28.7
2026-01-01,wii fit 防音 マット 足音 振動,jpn,0,3,0.0%,8.0
2026-01-01,防音 リフォーム 補助金,jpn,0,3,0.0%,46.7
2026-01-01,防音 賃貸 大阪,jpn,0,3,0.0%,44.3
2026-01-01,防音室 賃貸 千葉,jpn,0,3,0.0%,33.7
2026-01-01,防音室 賃貸 埼玉,jpn,0,3,0.0%,33.0
2026-01-01,防音室 賃貸 大阪,jpn,0,3,0.0%,40.7
2026-01-01,防音室 賃貸 神奈川,jpn,0,3,0.0%,44.3
2026-01-02,キーボードの音をなくす方法,jpn,0,3,0.0%,1.0
2026-01-02,ゲーム実況 防音,jpn,0,3,0.0%,74.7
2026-01-02,防音室 エアコン 換気扇,jpn,0,3,0.0%,32.7
2026-01-02,防音室 湿度,jpn,0,3,0.0%,10.0
2026-01-03,防音 賃貸 大阪,jpn,0,3,0.0%,38.3
2026-01-03,防音室 ハウスメーカー おすすめ,jpn,0,3,0.0%,30.3
2026-01-04,vtuber 防音室,jpn,0,3,0.0%,31.3
2026-01-08,賃貸 防音 大阪,jpn,0,3,0.0%,49.3
2026-01-08,防音 賃貸 大阪,jpn,0,3,0.0%,47.7
2026-01-08,防音室 100万,jpn,0,3,0.0%,24.0
2026-01-08,防音室 賃貸 千葉,jpn,0,3,0.0%,33.0
2026-01-08,防音室 賃貸 大阪,jpn,0,3,0.0%,42.3
2026-01-08,防音室 賃貸 許可,jpn,0,3,0.0%,15.3
2026-01-09,how to measure rt60 reverberation time practically room eq wizard,usa,0,3,0.0%,20.0
2026-01-10,防音 賃貸 大阪,jpn,0,3,0.0%,43.3
2026-01-10,防音室 エアコン 換気扇,jpn,0,3,0.0%,40.0
2026-01-11,japan building code news,usa,0,3,0.0%,2.0
2026-01-11,防音室 エアコン 換気扇,jpn,0,3,0.0%,39.7
2026-01-11,防音工事 補助金,jpn,0,3,0.0%,60.0
2026-01-12,japan building code news,usa,0,3,0.0%,3.0
2026-01-12,防音サッシ 補助金,jpn,0,3,0.0%,1.0
2026-01-12,防音室 ハウスメーカー おすすめ,jpn,0,3,0.0%,24.0
2026-01-14,ワンタッチ防音壁 評判,jpn,0,3,0.0%,30.0
2026-01-14,防音室,jpn,0,3,0.0%,86.7
2026-01-14,防音室 ハウスメーカー おすすめ,jpn,0,3,0.0%,24.7
2026-01-15,防音室 値段,jpn,0,3,0.0%,57.0
2026-01-15,防音室 加湿器,jpn,0,3,0.0%,3.3
2026-01-17,ユニット式防音室,jpn,0,3,0.0%,55.7
2026-01-17,一戸建て 騒音苦情,jpn,0,3,0.0%,30.0
2026-01-17,防音室 ハウスメーカー おすすめ,jpn,0,3,0.0%,26.0
2026-01-18,一戸建て 騒音苦情,jpn,0,3,0.0%,29.3
2026-01-18,配信者向け賃貸,jpn,0,3,0.0%,49.0
2026-01-19,一戸建て 騒音苦情,jpn,0,3,0.0%,30.3
2026-01-19,防音室 加湿器,jpn,0,3,0.0%,2.3
2026-01-20,一戸建て 騒音苦情,jpn,0,3,0.0%,28.3
2026-01-21,一人暮らし 配信 防音,jpn,0,3,0.0%,11.7
2026-01-21,防音室 ハウスメーカー おすすめ,jpn,0,3,0.0%,20.7
2026-01-22,japan sound masking system market,usa,0,3,0.0%,52.7
2026-01-22,一戸建て 騒音苦情,jpn,0,3,0.0%,29.3
2026-01-22,接地 ノイズ 対策,jpn,0,3,0.0%,88.0
2026-01-22,日本の防音市場,jpn,0,3,0.0%,36.3
2026-01-22,防音室 100万,jpn,0,3,0.0%,19.3
2026-01-22,防音室 値段,jpn,0,3,0.0%,56.3
2026-01-24,japan building code updates today,usa,0,3,0.0%,8.3
2026-01-25,一戸建て 騒音苦情,jpn,0,3,0.0%,21.7
2026-01-25,防音室 ハウスメーカー おすすめ,jpn,0,3,0.0%,24.3
2026-01-26,一戸建て 騒音苦情,jpn,0,3,0.0%,20.7
2026-01-27,ノイズ アース 線,jpn,0,3,0.0%,56.0
2026-01-28,vtuber 防音室,jpn,0,3,0.0%,25.0
2026-01-28,一戸建て 騒音苦情,jpn,0,3,0.0%,26.3
2026-01-28,防音室 ハウスメーカー おすすめ,jpn,0,3,0.0%,21.0
2026-01-29,防音 室 値段,jpn,0,3,0.0%,63.0
2026-01-29,防音室 ハウスメーカー おすすめ,jpn,0,3,0.0%,22.0
2026-01-29,防音室 加湿器,jpn,0,3,0.0%,14.7
2026-01-30,一戸建て 騒音苦情,jpn,0,3,0.0%,26.3
2026-01-31,防音室 エアコン,jpn,0,3,0.0%,74.7
2026-02-03,防音 室 値段,jpn,0,3,0.0%,34.3
2026-02-04,クローゼット 配信部屋,jpn,0,3,0.0%,8.3
2026-02-05,一戸建て 騒音苦情,jpn,0,3,0.0%,33.0
2026-02-06,一戸建て 騒音苦情,jpn,0,3,0.0%,31.0
2026-02-06,防音室 賃貸 神戸,jpn,0,3,0.0%,37.7
2026-02-07,防音室 100万,jpn,0,3,0.0%,19.0
2026-02-07,防音室 エアコン,jpn,0,3,0.0%,71.3
2026-02-10,防音 室 値段,jpn,0,3,0.0%,73.7
2026-02-11,グランド ループ 対策,jpn,0,3,0.0%,42.7
2026-02-11,防音室 ハウスメーカー おすすめ,jpn,0,3,0.0%,17.3
2026-02-12,ノイズ アース,jpn,0,3,0.0%,93.7
2026-02-13,防音室 ハウスメーカー おすすめ,jpn,0,3,0.0%,20.7
2026-02-14,接地 ノイズ 対策,jpn,0,3,0.0%,62.7
2026-02-15,グランド ループ 対策,jpn,0,3,0.0%,38.3
2026-02-15,配信部屋 レイアウト,jpn,0,3,0.0%,9.0
2026-02-16,ノイズ 対策 アース,jpn,0,3,0.0%,67.0
2026-02-16,マンション 楽器 何時 まで,jpn,0,3,0.0%,9.0
2026-02-16,ワンタッチ防音壁 効果,jpn,0,3,0.0%,11.7
2026-02-16,伊丹 空港 騒音 補助金 いくら,jpn,0,3,0.0%,9.3
2026-02-17,アース ノイズ 対策,jpn,0,3,0.0%,64.3
2026-02-17,一戸建て 騒音苦情,jpn,0,3,0.0%,31.0
2026-02-18,アビテックス 賃貸 許可,jpn,0,3,0.0%,9.0
2026-02-18,防音室 値段,jpn,0,3,0.0%,18.0
2026-02-18,防音室 自作,jpn,0,3,0.0%,20.0
2026-02-18,防音室レンタル 月額,jpn,0,3,0.0%,35.7
2026-02-19,ノイズ 対策 アース,jpn,0,3,0.0%,85.0
2026-02-19,防音 賃貸 埼玉,jpn,0,3,0.0%,48.0
2026-02-19,防音室 ハウスメーカー おすすめ,jpn,0,3,0.0%,23.7
2026-02-19,防音室 埼玉,jpn,0,3,0.0%,46.0
2026-02-19,防音室 賃貸,jpn,0,3,0.0%,10.7
2026-02-19,防音室 賃貸 大阪,jpn,0,3,0.0%,48.3
2026-02-20,一戸建て 騒音苦情,jpn,0,3,0.0%,28.3
2026-02-20,賃貸 防音 室 許可,jpn,0,3,0.0%,11.0
2026-02-20,賃貸 防音室 許可,jpn,0,3,0.0%,10.0
2026-02-20,配信部屋 レイアウト,jpn,0,3,0.0%,17.3
2026-02-21,vtuber 防音室 トレンド 2026,usa,0,3,0.0%,1.3
2026-02-21,アビテックス 賃貸 許可,jpn,0,3,0.0%,9.7
2026-02-21,部屋を防音室にしたい,jpn,0,3,0.0%,65.0
2026-02-22,アビテックス 賃貸 許可,jpn,0,3,0.0%,11.7
2026-02-22,防音室 100万,jpn,0,3,0.0%,13.7
2026-02-22,防音室 ハウスメーカー おすすめ,jpn,0,3,0.0%,22.3
2026-02-25,一戸建て 騒音苦情,jpn,0,3,0.0%,28.7
2026-02-25,賃貸 防音 室 許可,jpn,0,3,0.0%,11.7
2026-02-25,配信部屋 レイアウト,jpn,0,3,0.0%,9.0
2026-02-26,bouon,usa,0,3,0.0%,3.3
2026-02-26,musision,gbr,0,3,0.0%,8.3
2026-02-26,防音室 100万,jpn,0,3,0.0%,14.3
2026-02-26,防音室 許可,jpn,0,3,0.0%,12.0
2026-02-27,アース ノイズ 対策,jpn,0,3,0.0%,59.7
2026-02-27,一戸建て 騒音苦情,jpn,0,3,0.0%,28.7
2026-02-27,防音室 格安,jpn,0,3,0.0%,12.0
2026-02-28,how much does it cost to soundproof a room,usa,0,3,0.0%,55.7
2026-02-28,グランド ループ 対策,jpn,0,3,0.0%,34.3
2026-02-28,防音室 値段,jpn,0,3,0.0%,78.7
2026-03-02,アース ノイズ 対策,jpn,0,3,0.0%,69.0
2026-03-02,防音室 格安,jpn,0,3,0.0%,11.3
2026-03-03,bouon,usa,0,3,0.0%,4.0
2026-03-03,how much would it cost to soundproof a bedroom,usa,0,3,0.0%,84.0
2026-03-03,グランド ループ 対策,jpn,0,3,0.0%,42.7
2026-03-03,ワンタッチ 防音 壁 賃貸,jpn,0,3,0.0%,32.3
2026-03-03,日本の防音市場,jpn,0,3,0.0%,27.0
2026-03-04,otodasu 賃貸 許可,jpn,0,3,0.0%,11.3
2026-03-05,千葉 防音室 物件,jpn,0,3,0.0%,31.0
2026-03-05,接地 ノイズ 対策,jpn,0,3,0.0%,63.3
2026-03-05,神奈川 防音室,jpn,0,3,0.0%,41.3
2026-03-06,日本 集合住宅 遮音基準 欧米比較,usa,0,3,0.0%,1.0
2026-03-07,グランド ループ 対策,jpn,0,3,0.0%,49.7
2026-03-07,吸音材 遮音材 違い 効果,jpn,0,3,0.0%,42.7
2026-03-07,賃貸 防音室 許可 なぜ,jpn,0,3,0.0%,11.7
2026-03-07,防音 diy,jpn,0,3,0.0%,39.3
2026-03-07,防音 室 値段,jpn,0,3,0.0%,55.7
2026-03-07,防音室 自作 効果なし,jpn,0,3,0.0%,36.7
2026-03-08,otodasu 賃貸 許可,jpn,0,3,0.0%,11.0
2026-03-08,日本の防音市場,jpn,0,3,0.0%,28.0
2026-03-09,一戸建て 騒音 苦情,jpn,0,3,0.0%,63.7
2026-03-09,配信者 部屋 レイアウト,jpn,0,3,0.0%,8.0
2026-03-10,日本の防音市場,jpn,0,3,0.0%,32.3
2026-03-10,防音室 工事 賃貸,jpn,0,3,0.0%,84.0
2026-03-11,賃貸 防音 室 許可,jpn,0,3,0.0%,20.7
2026-03-12,ピアノ 住宅ローン,jpn,0,3,0.0%,43.7
2026-03-12,防音室 100万,jpn,0,3,0.0%,30.0
2026-03-12,防音室 賃貸 関西,jpn,0,3,0.0%,43.0
2026-03-13,防音 室 値段,jpn,0,3,0.0%,51.7
2026-03-14,マンション 防音室,jpn,0,3,0.0%,50.3
2026-03-14,防音 賃貸 大阪,jpn,0,3,0.0%,49.7
2026-03-14,防音シート 壁 ニトリ,jpn,0,3,0.0%,42.0
2026-03-14,防音室 値段,jpn,0,3,0.0%,45.7
2026-03-15,日本の防音市場,jpn,0,3,0.0%,24.3
2026-03-17,ピアノ 住宅ローン,jpn,0,3,0.0%,27.3
2026-03-17,防音 室 値段,jpn,0,3,0.0%,40.0
2026-03-18,ピアノ 住宅ローン,jpn,0,3,0.0%,28.0
2026-03-18,防音 室 値段,jpn,0,3,0.0%,45.7
2026-03-19,神戸市 防音室,jpn,0,3,0.0%,45.7
2026-03-19,防音室 賃貸 埼玉,jpn,0,3,0.0%,39.3
2026-03-19,防音室 賃貸 関西,jpn,0,3,0.0%,40.7
2026-03-20,ピアノ 住宅ローン,jpn,0,3,0.0%,42.7
2026-03-21,how much does it cost to soundproof a room,usa,0,3,0.0%,84.3
2026-03-21,how to soundproof a room cheaply,usa,0,3,0.0%,65.3
2026-03-21,防音室 wifi,jpn,0,3,0.0%,12.0
2025-12-22,japan building code update news december 2025,usa,0,2,0.0%,9.0
2025-12-22,japan building code updates,usa,0,2,0.0%,4.0
2025-12-22,一戸建て 騒音 苦情,jpn,0,2,0.0%,58.5
2025-12-22,防音室 値段,jpn,0,2,0.0%,43.5
2025-12-24,japan building code news,usa,0,2,0.0%,2.0
2025-12-24,japan building code update,usa,0,2,0.0%,5.5
2025-12-24,japan building code updates today,usa,0,2,0.0%,2.0
2025-12-24,防音室 値段,jpn,0,2,0.0%,72.0
2025-12-24,防音室 許可,jpn,0,2,0.0%,25.5
2025-12-24,防音室 賃貸 許可,jpn,0,2,0.0%,18.0
2025-12-25,building code japan news december 2025,usa,0,2,0.0%,10.0
2025-12-25,japan building code news today 2025,usa,0,2,0.0%,2.5
2025-12-25,japan building code update 2025 news today,usa,0,2,0.0%,2.0
2025-12-25,japan building standards law update 2025 news,usa,0,2,0.0%,3.0
2025-12-25,一人暮らし 防音 東京,jpn,0,2,0.0%,22.0
2025-12-25,防音 リフォーム 補助金,jpn,0,2,0.0%,45.0
2025-12-25,防音 室 値段,jpn,0,2,0.0%,72.5
2025-12-25,防音室 加湿器,jpn,0,2,0.0%,3.0
2025-12-25,防音室 賃貸 許可,jpn,0,2,0.0%,22.0
2025-12-26,soundproofing room hourly rates,gbr,0,2,0.0%,15.0
2025-12-26,ゲーム実況 防音,jpn,0,2,0.0%,99.0
2025-12-26,防音室 エアコン,jpn,0,2,0.0%,73.0
2025-12-26,防音室 性能,jpn,0,2,0.0%,93.5
2025-12-26,防音室 湿度,jpn,0,2,0.0%,12.0
2025-12-26,防音室 苦情,jpn,0,2,0.0%,43.5
2025-12-26,防音室 設置 許可,jpn,0,2,0.0%,20.0
2025-12-27,japan building code news,usa,0,2,0.0%,2.0
2025-12-27,japan building code update news december 2025,usa,0,2,0.0%,10.5
2025-12-27,vtuber 防音対策,jpn,0,2,0.0%,19.0
2025-12-27,伊丹 空港 騒音 補助金 いくら,jpn,0,2,0.0%,10.5
2025-12-27,賃貸 防音室 許可,jpn,0,2,0.0%,17.0
2025-12-27,防音室 加湿器,jpn,0,2,0.0%,14.5
2025-12-27,防音室 湿度,jpn,0,2,0.0%,11.0
2025-12-28,japan building code update news december 2025,usa,0,2,0.0%,10.0
2025-12-28,防音室 ハウスメーカー おすすめ,jpn,0,2,0.0%,21.5
2025-12-29,japan building code update,usa,0,2,0.0%,7.0
2025-12-29,japan building code updates,usa,0,2,0.0%,4.0
2025-12-29,japan building code updates today,usa,0,2,0.0%,2.0
2025-12-29,japan sound masking system market,usa,0,2,0.0%,35.0
2025-12-29,ゲーミングキーボード 音,jpn,0,2,0.0%,1.0
2025-12-30,japan building code news today 2025,usa,0,2,0.0%,2.0
2025-12-30,japan building code update 2025 news,usa,0,2,0.0%,2.5
2025-12-30,japan building code updates today,usa,0,2,0.0%,2.0
2025-12-30,マンション 防音室 許可,jpn,0,2,0.0%,24.5
2025-12-30,賃貸 防音室 許可,jpn,0,2,0.0%,16.0
2025-12-30,防音室 ハウスメーカー おすすめ,jpn,0,2,0.0%,25.0
2025-12-30,防音室 加湿器,jpn,0,2,0.0%,3.0
2025-12-30,防音室 湿度,jpn,0,2,0.0%,21.5
2025-12-31,iris ohyama dce-6515 noise db,usa,0,2,0.0%,9.0
2025-12-31,防音室 湿度,jpn,0,2,0.0%,23.5
2026-01-01,how to measure rt60 in practice room acoustics,usa,0,2,0.0%,20.0
2026-01-01,japan building code news,usa,0,2,0.0%,2.0
2026-01-01,japan building code updates,usa,0,2,0.0%,4.0
2026-01-01,防音 賃貸 神奈川,jpn,0,2,0.0%,44.5
2026-01-01,防音室 許可,jpn,0,2,0.0%,23.5
2026-01-01,防音工事 補助金,jpn,0,2,0.0%,1.0
2026-01-02,japan building code news,usa,0,2,0.0%,2.0
2026-01-02,防音 室 値段,jpn,0,2,0.0%,71.5
2026-01-02,防音ルーム,jpn,0,2,0.0%,86.5
2026-01-02,防音室 エアコン,jpn,0,2,0.0%,72.0
2026-01-02,防音室 ハウスメーカー おすすめ,jpn,0,2,0.0%,30.5
2026-01-02,防音室 性能,jpn,0,2,0.0%,85.0
2026-01-02,防音室 換気扇,jpn,0,2,0.0%,58.0
2026-01-02,防音室 配信者,jpn,0,2,0.0%,22.5
2026-01-03,japan building code news,usa,0,2,0.0%,2.0
2026-01-03,recommended rt60 small control room 0.2 0.3 seconds,usa,0,2,0.0%,10.0
2026-01-03,防音 diy 賃貸,usa,0,2,0.0%,40.5
2026-01-03,防音室,jpn,0,2,0.0%,70.5
2026-01-03,防音工事 補助金,jpn,0,2,0.0%,1.0
2026-01-04,賃貸 防音室 許可,jpn,0,2,0.0%,21.0
2026-01-04,防音室,jpn,0,2,0.0%,88.5
2026-01-04,防音室 ハウスメーカー おすすめ,jpn,0,2,0.0%,29.5
2026-01-04,防音室 加湿器,jpn,0,2,0.0%,3.0
2026-01-04,防音工事 補助金,jpn,0,2,0.0%,48.0
2026-01-04,防音工事補助金,jpn,0,2,0.0%,1.0
2026-01-05,一人暮らし 配信 防音,jpn,0,2,0.0%,9.5
2026-01-05,伊丹 空港 騒音 補助金 いくら,jpn,0,2,0.0%,10.0
2026-01-05,配信者 防音室,jpn,0,2,0.0%,20.5
2026-01-05,配信者向け賃貸,jpn,0,2,0.0%,30.0
2026-01-05,防音室 ハウスメーカー おすすめ,jpn,0,2,0.0%,27.5
2026-01-06,防音工事補助金,jpn,0,2,0.0%,1.0
2026-01-07,vtuber 防音室,jpn,0,2,0.0%,26.5
2026-01-07,ワンタッチ 防音 壁 賃貸,jpn,0,2,0.0%,33.5
2026-01-07,一人暮らし 配信 防音,jpn,0,2,0.0%,9.0
2026-01-07,伊丹 空港 騒音 補助金 いくら,jpn,0,2,0.0%,10.0
2026-01-07,配信者向け賃貸,jpn,0,2,0.0%,32.0
2026-01-08,how to measure rt60 reverberation time practically step by step,gbr,0,2,0.0%,19.0
2026-01-08,special and nano buildings vibration control,isr,0,2,0.0%,48.0
2026-01-08,アース ノイズ 対策,jpn,0,2,0.0%,53.0
2026-01-08,グランド ループ 対策,jpn,0,2,0.0%,32.0
2026-01-08,ノイズ アース 対策,jpn,0,2,0.0%,69.5
2026-01-08,ノイズ アース 線,jpn,0,2,0.0%,66.0
2026-01-08,配信 防音 自作,jpn,0,2,0.0%,19.5
2026-01-08,防音工事補助金,jpn,0,2,0.0%,1.0
2026-01-09,japan building code updates,usa,0,2,0.0%,9.0
2026-01-09,streaming booth,usa,0,2,0.0%,30.0
2026-01-09,一人暮らし 配信 防音,jpn,0,2,0.0%,8.5
2026-01-09,防音室 おすすめ メーカー,jpn,0,2,0.0%,7.5
2026-01-09,防音室 値段,jpn,0,2,0.0%,80.5
2026-01-09,防音室 自作 費用,jpn,0,2,0.0%,47.0
2026-01-09,防音室 賃貸 許可,jpn,0,2,0.0%,13.5
2026-01-10,practical guide to measuring rt60 reverberation time,usa,0,2,0.0%,17.0
2026-01-10,一人暮らし 配信 防音,jpn,0,2,0.0%,12.0
2026-01-10,防音室 値段,jpn,0,2,0.0%,84.5
2026-01-10,防音室 湿度,jpn,0,2,0.0%,25.5
2026-01-10,防音室レンタル 月額,jpn,0,2,0.0%,34.5
2026-01-10,防音工事 補助金,jpn,0,2,0.0%,1.0
2026-01-11,how to measure rt60 reverberation time practically step by step,gbr,0,2,0.0%,20.0
2026-01-11,サックス マンション,jpn,0,2,0.0%,71.0
2026-01-11,サックス 防音,jpn,0,2,0.0%,39.0
2026-01-11,フルート 防音,jpn,0,2,0.0%,63.0
2026-01-11,マイクの反響を減らす方法,jpn,0,2,0.0%,35.0
2026-01-11,防音室,jpn,0,2,0.0%,77.5
2026-01-11,防音室 値段,jpn,0,2,0.0%,63.0
2026-01-12,クローゼット 配信部屋,jpn,0,2,0.0%,11.0
2026-01-12,賃貸 防音 大阪,jpn,0,2,0.0%,53.0
2026-01-12,防音室 加湿器,jpn,0,2,0.0%,3.0
2026-01-12,防音室 許可,jpn,0,2,0.0%,25.0
2026-01-13,japan sound masking system market,usa,0,2,0.0%,79.0
2026-01-13,ノイズ アース 線,jpn,0,2,0.0%,41.0
2026-01-13,ワンタッチ 防音 壁 賃貸,jpn,0,2,0.0%,41.0
2026-01-13,一人暮らし 配信 防音,jpn,0,2,0.0%,11.0
2026-01-13,防音室 値段,jpn,0,2,0.0%,81.0
2026-01-13,防音室 加湿器,jpn,0,2,0.0%,3.0
2026-01-13,防音室 湿度,jpn,0,2,0.0%,13.5
2026-01-13,防音室 許可,jpn,0,2,0.0%,22.5
2026-01-14,otodasu だんぼっち 比較,jpn,0,2,0.0%,59.0
2026-01-14,アース ノイズ 対策,jpn,0,2,0.0%,64.0
2026-01-14,一人暮らし 配信 防音,jpn,0,2,0.0%,11.0
2026-01-14,配信 防音対策,jpn,0,2,0.0%,73.0
2026-01-14,配信者向け賃貸,jpn,0,2,0.0%,45.0
2026-01-14,防音 補助金,jpn,0,2,0.0%,1.0
2026-01-14,防音室 値段,jpn,0,2,0.0%,81.5
2026-01-14,防音室 自作 失敗,jpn,0,2,0.0%,26.5
2026-01-14,防音室 許可,jpn,0,2,0.0%,25.0
2026-01-15,グランド ループ ノイズ 対策,jpn,0,2,0.0%,58.5
2026-01-15,一人暮らし 防音 東京,jpn,0,2,0.0%,34.0
2026-01-15,防音室 暑い,jpn,0,2,0.0%,33.5
2026-01-16,アース ノイズ 対策,jpn,0,2,0.0%,78.0
2026-01-16,アース 線 ノイズ 対策,jpn,0,2,0.0%,70.0
2026-01-16,グランド ループ ノイズ 対策,jpn,0,2,0.0%,54.5
2026-01-16,グランド ループ 対策,jpn,0,2,0.0%,58.0
2026-01-16,サックス アパート,jpn,0,2,0.0%,15.0
2026-01-16,ノイズ アース 対策,jpn,0,2,0.0%,86.0
2026-01-16,ノイズ アース 線,jpn,0,2,0.0%,67.5
2026-01-16,ノイズ 対策 アース,jpn,0,2,0.0%,85.0
2026-01-16,接地 ノイズ 対策,jpn,0,2,0.0%,58.5
2026-01-16,賃貸 防音室 許可,jpn,0,2,0.0%,17.0
2026-01-16,防音室 許可,jpn,0,2,0.0%,24.0
2026-01-17,how to soundproof a room cheaply,usa,0,2,0.0%,78.5
2026-01-17,アース 線 ノイズ 対策,jpn,0,2,0.0%,67.5
2026-01-17,クローゼット 防音室,jpn,0,2,0.0%,42.5
2026-01-17,防音室,jpn,0,2,0.0%,83.5
2026-01-17,防音室 エアコン,jpn,0,2,0.0%,76.5
2026-01-17,防音室 性能,jpn,0,2,0.0%,91.0
2026-01-17,防音室 湿度,jpn,0,2,0.0%,14.0
2026-01-17,防音室 賃貸 許可,jpn,0,2,0.0%,15.0
2026-01-17,音楽教室 防音室,jpn,0,2,0.0%,52.0
2026-01-18,アルトサックス アパート,jpn,0,2,0.0%,11.0
2026-01-18,防音室 ハウスメーカー おすすめ,jpn,0,2,0.0%,25.0
2026-01-18,防音室 マンション 設置,jpn,0,2,0.0%,83.0
2026-01-19,japan sound masking system market,usa,0,2,0.0%,49.0
2026-01-19,アース ライン ノイズ 対策,jpn,0,2,0.0%,41.5
2026-01-19,一戸建て 騒音 苦情,jpn,0,2,0.0%,30.0
2026-01-19,賃貸 防音室 許可,jpn,0,2,0.0%,15.5
2026-01-19,防音室 ハウスメーカー おすすめ,jpn,0,2,0.0%,24.5
2026-01-19,防音室 湿度,jpn,0,2,0.0%,24.5
2026-01-19,防音室 賃貸 許可,usa,0,2,0.0%,18.5
2026-01-20,クローゼット 防音室 賃貸,jpn,0,2,0.0%,12.0
2026-01-20,ワンタッチ 防音 壁 賃貸,jpn,0,2,0.0%,39.0
2026-01-20,一人暮らし 配信 防音,jpn,0,2,0.0%,11.0
2026-01-20,防音室 wifi,jpn,0,2,0.0%,11.5
2026-01-21,一戸建て 騒音苦情,jpn,0,2,0.0%,31.0
2026-01-21,防音室 加湿器,jpn,0,2,0.0%,2.0
2026-01-22,how much does it cost to soundproof a room,usa,0,2,0.0%,66.0
2026-01-22,アース 線 ノイズ 対策,jpn,0,2,0.0%,43.5
2026-01-22,グランド ループ ノイズ 対策,jpn,0,2,0.0%,54.5
2026-01-22,グランド ループ 対策,jpn,0,2,0.0%,43.5
2026-01-22,ノイズ アース 対策,jpn,0,2,0.0%,58.5
2026-01-22,ノイズ アース 線,jpn,0,2,0.0%,43.0
2026-01-22,伊丹 空港 騒音 補助金 いくら,jpn,0,2,0.0%,11.5
2026-01-22,同棲 防音,jpn,0,2,0.0%,50.0
2026-01-22,配信 部屋 防音,jpn,0,2,0.0%,76.5
2026-01-22,防音室 ドラム,jpn,0,2,0.0%,57.5
2026-01-23,how to soundproof a room for streaming,sau,0,2,0.0%,51.0
2026-01-23,soundproof a room cost,gbr,0,2,0.0%,58.0
2026-01-23,一人暮らし 配信 防音,jpn,0,2,0.0%,9.5
2026-01-23,一戸建て 騒音苦情,jpn,0,2,0.0%,25.0
2026-01-23,防音室 ハウスメーカー おすすめ,jpn,0,2,0.0%,24.0
2026-01-23,防音室いくら,jpn,0,2,0.0%,68.0
2026-01-24,how to soundproof a room cheaply,usa,0,2,0.0%,76.5
2026-01-24,クローゼット 防音室 賃貸,jpn,0,2,0.0%,10.0
2026-01-24,ノイズ アース 対策,jpn,0,2,0.0%,71.5
2026-01-24,ノイズ 対策 アース,jpn,0,2,0.0%,69.0
2026-01-24,一戸建て 騒音苦情,jpn,0,2,0.0%,28.0
2026-01-24,防音室 エアコン,jpn,0,2,0.0%,81.0
2026-01-24,防音室 加湿器,jpn,0,2,0.0%,3.0
2026-01-24,防音室 湿度,jpn,0,2,0.0%,11.5
2026-01-24,音楽教室 防音室,jpn,0,2,0.0%,61.5
2026-01-25,アース ノイズ 対策,jpn,0,2,0.0%,78.5
2026-01-25,アース 線 ノイズ 対策,jpn,0,2,0.0%,67.5
2026-01-25,グランド ループ ノイズ 対策,jpn,0,2,0.0%,45.0
2026-01-25,グランド ループ 対策,jpn,0,2,0.0%,29.5
2026-01-25,ノイズ アース 線,jpn,0,2,0.0%,68.5
2026-01-25,接地 ノイズ 対策,jpn,0,2,0.0%,89.0
2026-01-25,日本の防音市場,jpn,0,2,0.0%,34.5
2026-01-25,配信者向け賃貸,jpn,0,2,0.0%,48.5
2026-01-25,防音室 ドラム,jpn,0,2,0.0%,93.5
2026-01-25,防音室 設置 許可,jpn,0,2,0.0%,15.0
2026-01-26,一人暮らし 配信 防音,jpn,0,2,0.0%,13.5
2026-01-26,一戸建て 騒音 苦情,jpn,0,2,0.0%,29.0
2026-01-27,ワンルーム 防音対策,jpn,0,2,0.0%,15.5
2026-01-27,日本の防音市場,jpn,0,2,0.0%,31.5
2026-01-27,配信 部屋 防音,jpn,0,2,0.0%,74.0
2026-01-27,防音 室 値段,jpn,0,2,0.0%,59.5
2026-01-28,best cheap way to soundproof a room,usa,0,2,0.0%,64.5
2026-01-28,japan sound masking system market,ind,0,2,0.0%,51.0
2026-01-28,japan sound masking system market,usa,0,2,0.0%,43.5
2026-01-28,ワンタッチ 防音 壁 賃貸,jpn,0,2,0.0%,30.5
2026-01-28,接地 ノイズ 対策,jpn,0,2,0.0%,68.5
2026-01-28,賃貸 防音室 許可,jpn,0,2,0.0%,16.0
2026-01-28,防音室 換気扇 音漏れ,jpn,0,2,0.0%,18.5
2026-01-29,一戸建て 騒音苦情,jpn,0,2,0.0%,25.5
2026-01-29,伊丹 空港 騒音 補助金 いくら,jpn,0,2,0.0%,10.0
2026-01-29,日本の防音市場,jpn,0,2,0.0%,31.5
2026-01-29,神戸市 防音室,jpn,0,2,0.0%,49.0
2026-01-29,配信者向け賃貸,jpn,0,2,0.0%,38.0
2026-01-29,防音室 許可,jpn,0,2,0.0%,22.5
2026-01-30,how much does it cost to soundproof a room,usa,0,2,0.0%,80.0
2026-01-30,web会議 うるさい,jpn,0,2,0.0%,55.0
2026-01-30,アース ノイズ 対策,jpn,0,2,0.0%,79.0
2026-01-30,アース 線 ノイズ 対策,jpn,0,2,0.0%,70.0
2026-01-30,グランド ループ ノイズ 対策,jpn,0,2,0.0%,44.0
2026-01-30,ノイズ アース 対策,jpn,0,2,0.0%,55.0
2026-01-30,ノイズ アース 線,jpn,0,2,0.0%,38.0
2026-01-30,ノイズ 対策 アース,jpn,0,2,0.0%,73.5
2026-01-30,接地 ノイズ 対策,jpn,0,2,0.0%,82.0
2026-01-30,神戸市 防音室,jpn,0,2,0.0%,31.5
2026-01-30,防音室 加湿器,jpn,0,2,0.0%,18.5
2026-01-30,防音室 自作 クローゼット,jpn,0,2,0.0%,11.0
2026-01-30,防音工事 種類,jpn,0,2,0.0%,74.5
2026-01-31,クローゼット 防音室,jpn,0,2,0.0%,43.5
2026-01-31,ユニット式防音室,jpn,0,2,0.0%,44.0
2026-01-31,一戸建て 騒音苦情,jpn,0,2,0.0%,29.5
2026-01-31,防音室 見積もり,jpn,0,2,0.0%,53.0
2026-02-01,アース 線 ノイズ 対策,jpn,0,2,0.0%,75.0
2026-02-01,日本の防音市場,jpn,0,2,0.0%,31.0
2026-02-02,japan sound masking system market,usa,0,2,0.0%,31.5
2026-02-02,アビテックス 賃貸 許可,jpn,0,2,0.0%,11.5
2026-02-02,テレワーク 家族 うるさい,jpn,0,2,0.0%,54.5
2026-02-02,一戸建て 騒音 苦情,jpn,0,2,0.0%,31.5
2026-02-02,伊丹 空港 騒音 補助金 いくら,jpn,0,2,0.0%,8.5
2026-02-02,防音 室 値段,jpn,0,2,0.0%,36.0
2026-02-02,防音室レンタル 月額,jpn,0,2,0.0%,26.5
2026-02-03,how much does it cost to soundproof a room,usa,0,2,0.0%,80.5
2026-02-03,グランド ループ 対策,jpn,0,2,0.0%,46.5
2026-02-03,一戸建て 騒音苦情,jpn,0,2,0.0%,28.0
2026-02-03,防音室 値段,jpn,0,2,0.0%,36.5
2026-02-04,クローゼット 防音室 賃貸,jpn,0,2,0.0%,7.5
2026-02-04,防音室 100万円,jpn,0,2,0.0%,10.5
2026-02-04,防音室 wifi,jpn,0,2,0.0%,12.0
2026-02-04,防音室 値段,jpn,0,2,0.0%,33.5
2026-02-05,how much does it cost to soundproof a room,usa,0,2,0.0%,79.0
2026-02-05,グランド ループ ノイズ 対策,jpn,0,2,0.0%,45.5
2026-02-05,ノイズ アース,jpn,0,2,0.0%,77.5
2026-02-05,ノイズ 対策 アース,jpn,0,2,0.0%,86.5
2026-02-05,伊丹 空港 騒音 補助金 いくら,jpn,0,2,0.0%,9.0
2026-02-05,接地 ノイズ 対策,jpn,0,2,0.0%,77.5
2026-02-05,日本の防音市場,jpn,0,2,0.0%,34.5
2026-02-05,配信者 賃貸 探し方,jpn,0,2,0.0%,17.5
2026-02-06,how much does it cost to soundproof a room,usa,0,2,0.0%,71.0
2026-02-06,防音室 100万,jpn,0,2,0.0%,33.0
2026-02-07,アース ノイズ 対策,jpn,0,2,0.0%,72.0
2026-02-07,アース 線 ノイズ 対策,jpn,0,2,0.0%,73.0
2026-02-07,クローゼット 防音室,jpn,0,2,0.0%,45.0
2026-02-07,グランド ループ ノイズ 対策,jpn,0,2,0.0%,38.5
2026-02-07,グランド ループ 対策,jpn,0,2,0.0%,52.0
2026-02-07,ノイズ アース,jpn,0,2,0.0%,76.5
2026-02-07,ノイズ アース 対策,jpn,0,2,0.0%,44.5
2026-02-07,ノイズ アース 線,jpn,0,2,0.0%,60.0
2026-02-07,ノイズ 対策 アース,jpn,0,2,0.0%,66.5
2026-02-07,伊丹 空港 騒音 補助金 いくら,jpn,0,2,0.0%,12.0
2026-02-07,接地 ノイズ 対策,jpn,0,2,0.0%,78.0
2026-02-07,防音 賃貸 大阪,jpn,0,2,0.0%,46.5
2026-02-07,防音室 月額,jpn,0,2,0.0%,17.0
2026-02-08,クローゼット 防音室,jpn,0,2,0.0%,20.5
2026-02-08,ワンタッチ防音壁 効果,jpn,0,2,0.0%,12.5
2026-02-08,ワンタッチ防音壁 評判,jpn,0,2,0.0%,22.0
2026-02-08,一人暮らし 防音,jpn,0,2,0.0%,82.5
2026-02-08,日本の防音市場,jpn,0,2,0.0%,33.5
2026-02-09,一戸建て 騒音 苦情,jpn,0,2,0.0%,36.5
2026-02-09,一戸建て 騒音苦情,jpn,0,2,0.0%,34.0
2026-02-09,防音室 ハウスメーカー おすすめ,jpn,0,2,0.0%,20.5
2026-02-09,防音室 有線lan,jpn,0,2,0.0%,11.0
2026-02-10,グランド ループ ノイズ 対策,jpn,0,2,0.0%,41.0
2026-02-10,グランド ループ 対策,jpn,0,2,0.0%,25.5
2026-02-10,一戸建て 騒音苦情,jpn,0,2,0.0%,27.5
2026-02-10,日本の防音市場,jpn,0,2,0.0%,29.5
2026-02-10,配信 防音,jpn,0,2,0.0%,86.0
2026-02-10,防音室 ハウスメーカー おすすめ,jpn,0,2,0.0%,24.0
2026-02-11,otodasu だん ぼっ ち 比較,jpn,0,2,0.0%,8.0
2026-02-11,アース ライン ノイズ 対策,jpn,0,2,0.0%,68.0
2026-02-11,グランド ループ ノイズ 対策,jpn,0,2,0.0%,53.0
2026-02-11,ワンタッチ防音壁 効果,jpn,0,2,0.0%,13.5
2026-02-11,一戸建て 騒音苦情,jpn,0,2,0.0%,30.5
2026-02-11,配信者向け賃貸,jpn,0,2,0.0%,47.0
2026-02-11,防音 室 値段,jpn,0,2,0.0%,63.0
2026-02-11,防音室 1畳,jpn,0,2,0.0%,30.5
2026-02-12,アース ノイズ 対策,jpn,0,2,0.0%,68.5
2026-02-12,アース 線 ノイズ 対策,jpn,0,2,0.0%,58.5
2026-02-12,キーボード 打鍵音 対策,jpn,0,2,0.0%,29.0
2026-02-12,日本の防音市場,jpn,0,2,0.0%,32.0
2026-02-12,配信 部屋 防音,jpn,0,2,0.0%,64.0
2026-02-12,防音室 100万,jpn,0,2,0.0%,20.0
2026-02-13,一戸建て 騒音苦情,jpn,0,2,0.0%,31.0
2026-02-13,配信部屋 レイアウト,jpn,0,2,0.0%,10.5
2026-02-13,防音室 100万,jpn,0,2,0.0%,38.0
2026-02-13,防音室 賃貸 神戸,jpn,0,2,0.0%,43.0
2026-02-14,how much does it cost to soundproof a room,usa,0,2,0.0%,58.0
2026-02-14,アース ノイズ 対策,jpn,0,2,0.0%,65.0
2026-02-14,ミュージション 評判,usa,0,2,0.0%,6.5
2026-02-14,一戸建て 騒音苦情,jpn,0,2,0.0%,29.5
2026-02-14,配信部屋 レイアウト,jpn,0,2,0.0%,8.0
2026-02-14,防音室 エアコン 換気扇,jpn,0,2,0.0%,21.0
2026-02-15,アース 線 ノイズ 対策,jpn,0,2,0.0%,74.0
2026-02-15,マンション 楽器 何時まで,jpn,0,2,0.0%,10.0
2026-02-15,日本の防音市場,jpn,0,2,0.0%,33.0
2026-02-15,配信者向け賃貸,jpn,0,2,0.0%,36.5
2026-02-15,防音 室 構造,jpn,0,2,0.0%,81.5
2026-02-15,防音室 クローゼット,jpn,0,2,0.0%,49.0
2026-02-15,防音室 ハウスメーカー おすすめ,jpn,0,2,0.0%,23.0
2026-02-15,防音室 自作,jpn,0,2,0.0%,89.0
2026-02-15,防音室 酸欠,jpn,0,2,0.0%,28.0
2026-02-16,グランド ループ ノイズ 対策,jpn,0,2,0.0%,49.0
2026-02-16,テレワーク 家族 うるさい,jpn,0,2,0.0%,54.5
2026-02-16,ノイズ アース,jpn,0,2,0.0%,50.5
2026-02-16,一人暮らし 配信 防音,jpn,0,2,0.0%,11.0
2026-02-16,一戸建て 騒音 苦情,jpn,0,2,0.0%,46.0
2026-02-16,防音室 ハウスメーカー おすすめ,jpn,0,2,0.0%,23.0
2026-02-16,防音室 賃貸,jpn,0,2,0.0%,11.0
2026-02-17,アース 線 ノイズ 対策,jpn,0,2,0.0%,71.5
2026-02-17,ベース トラップ 自作,jpn,0,2,0.0%,38.5
2026-02-17,日本の防音市場,jpn,0,2,0.0%,30.0
2026-02-18,bouon,usa,0,2,0.0%,3.5
2026-02-18,how much does it cost to soundproof a room,usa,0,2,0.0%,61.0
2026-02-18,vtuber 防音室 トレンド 2026,gbr,0,2,0.0%,1.0
2026-02-18,グランド ループ 対策,jpn,0,2,0.0%,38.0
2026-02-18,ノイズ アース,jpn,0,2,0.0%,48.0
2026-02-18,ノイズ アース 線,jpn,0,2,0.0%,39.5
2026-02-18,一戸建て 騒音苦情,jpn,0,2,0.0%,32.0
2026-02-18,伊丹 空港 騒音 補助金 いくら,jpn,0,2,0.0%,9.5
2026-02-18,防音室 ハウスメーカー おすすめ,jpn,0,2,0.0%,20.0
2026-02-18,防音室 許可,jpn,0,2,0.0%,7.0
2026-02-19,how much does it cost to soundproof a room,usa,0,2,0.0%,60.5
2026-02-19,アース ノイズ 対策,jpn,0,2,0.0%,67.0
2026-02-19,アース 線 ノイズ 対策,jpn,0,2,0.0%,61.0
2026-02-19,グランド ループ ノイズ 対策,jpn,0,2,0.0%,49.5
2026-02-19,ワンタッチ防音壁,jpn,0,2,0.0%,24.5
2026-02-19,一戸建て 騒音苦情,jpn,0,2,0.0%,26.0
2026-02-19,日本の防音市場,jpn,0,2,0.0%,27.0
2026-02-19,賃貸 自作防音室 無断 トラブル or 退去時,bgd,0,2,0.0%,1.0
2026-02-19,賃貸 自作防音室 無断 トラブル or 退去時,bra,0,2,0.0%,1.0
2026-02-19,賃貸 防音 室 許可,jpn,0,2,0.0%,11.5
2026-02-19,賃貸 防音室 許可,jpn,0,2,0.0%,10.0
2026-02-19,賃貸 防音室 許可 なぜ,jpn,0,2,0.0%,11.5
2026-02-19,防音室 値段,jpn,0,2,0.0%,37.0
2026-02-19,防音室 自作,jpn,0,2,0.0%,52.5
2026-02-19,防音室 賃貸 神戸,jpn,0,2,0.0%,41.5
2026-02-20,vtuber 防音室 トレンド 2026,bra,0,2,0.0%,1.5
2026-02-20,グランド ループ 対策,jpn,0,2,0.0%,33.5
2026-02-20,ノイズ アース 対策,jpn,0,2,0.0%,66.0
2026-02-20,伊丹 空港 騒音 補助金 いくら,jpn,0,2,0.0%,7.0
2026-02-20,接地 ノイズ 対策,jpn,0,2,0.0%,85.5
2026-02-20,防音室 自作,jpn,0,2,0.0%,60.0
2026-02-20,防音部屋 自作,jpn,0,2,0.0%,72.5
2026-02-21,how much is a soundproof room,gbr,0,2,0.0%,77.5
2026-02-21,アース ノイズ 対策,jpn,0,2,0.0%,52.0
2026-02-21,アース 線 ノイズ 対策,jpn,0,2,0.0%,52.5
2026-02-21,ベーストラップ,jpn,0,2,0.0%,14.5
2026-02-21,ミュージション うるさい,jpn,0,2,0.0%,19.5
2026-02-21,ミュージション 評判,jpn,0,2,0.0%,11.0
2026-02-21,防音 賃貸 大阪,jpn,0,2,0.0%,52.5
2026-02-21,防音室 ハウスメーカー おすすめ,jpn,0,2,0.0%,20.5
2026-02-21,防音室 値段,jpn,0,2,0.0%,61.0
2026-02-21,防音室 自作,jpn,0,2,0.0%,76.5
2026-02-22,how much does it cost to soundproof a room,usa,0,2,0.0%,56.0
2026-02-22,イレクターパイプ 防音室,jpn,0,2,0.0%,11.0
2026-02-22,ノイズ 対策 アース,jpn,0,2,0.0%,69.0
2026-02-22,日本の防音市場,jpn,0,2,0.0%,36.5
2026-02-22,配信部屋レイアウト,jpn,0,2,0.0%,9.5
2026-02-22,防音 室 値段,jpn,0,2,0.0%,86.0
2026-02-22,防音 部屋 自作,jpn,0,2,0.0%,57.0
2026-02-23,dr-35 dr-40 違い,jpn,0,2,0.0%,9.0
2026-02-23,アース 線 ノイズ 対策,jpn,0,2,0.0%,49.0
2026-02-23,グランド ループ ノイズ 対策,jpn,0,2,0.0%,44.5
2026-02-23,テレワーク 家族 うるさい,jpn,0,2,0.0%,55.0
2026-02-23,ノイズ アース 線,jpn,0,2,0.0%,71.0
2026-02-23,一戸建て 騒音苦情,jpn,0,2,0.0%,30.0
2026-02-23,防音室 ハウスメーカー おすすめ,jpn,0,2,0.0%,17.5
2026-02-23,音の自由区 価格,jpn,0,2,0.0%,11.5
2026-02-24,musision,aus,0,2,0.0%,4.5
2026-02-24,日本の防音市場,jpn,0,2,0.0%,34.0
2026-02-25,how much does it cost to soundproof a room,usa,0,2,0.0%,67.0
2026-02-25,アース ノイズ 対策,jpn,0,2,0.0%,66.5
2026-02-25,アース 線 ノイズ 対策,jpn,0,2,0.0%,77.0
2026-02-25,グランド ループ 対策,jpn,0,2,0.0%,39.5
2026-02-25,ノイズ 対策 アース,jpn,0,2,0.0%,83.5
2026-02-25,接地 ノイズ 対策,jpn,0,2,0.0%,71.0
2026-02-25,部屋を防音にしたい 簡単,jpn,0,2,0.0%,73.5
2026-02-25,防音室 賃貸 許可,jpn,0,2,0.0%,12.0
2026-02-26,how much does it cost to soundproof a room,usa,0,2,0.0%,49.5
2026-02-26,アビテックス 賃貸 許可,jpn,0,2,0.0%,11.5
2026-02-26,千葉 防音室 物件,jpn,0,2,0.0%,41.0
2026-02-26,日本の防音市場,jpn,0,2,0.0%,22.5
2026-02-26,賃貸 防音 室 許可,jpn,0,2,0.0%,42.5
2026-02-26,配信部屋 レイアウト,jpn,0,2,0.0%,8.0
2026-02-26,防音 賃貸 千葉,jpn,0,2,0.0%,50.0
2026-02-26,防音 賃貸 埼玉,jpn,0,2,0.0%,46.0
2026-02-26,防音室 作り方,jpn,0,2,0.0%,43.0
2026-02-26,防音室 値段,jpn,0,2,0.0%,80.5
2026-02-26,防音室 自作 キット,jpn,0,2,0.0%,22.0
2026-02-26,防音室 賃貸 神戸,jpn,0,2,0.0%,31.5
2026-02-26,防音室 賃貸 許可,jpn,0,2,0.0%,10.0
2026-02-27,how much does it cost to soundproof a room,usa,0,2,0.0%,59.5
2026-02-27,アビテックス 賃貸 許可,jpn,0,2,0.0%,9.0
2026-02-27,ドラム 防音室,jpn,0,2,0.0%,80.5
2026-02-27,ノイズ 対策 アース,jpn,0,2,0.0%,81.0
2026-02-27,ワンタッチ防音壁 評判,jpn,0,2,0.0%,23.5
2026-02-27,防音室 加湿器,jpn,0,2,0.0%,9.0
2026-02-28,otodasu 賃貸 許可,jpn,0,2,0.0%,11.0
2026-02-28,クローゼット 防音室,jpn,0,2,0.0%,18.0
2026-02-28,グランド ループ ノイズ 対策,jpn,0,2,0.0%,53.5
2026-02-28,ノイズ アース,jpn,0,2,0.0%,77.0
2026-02-28,ミュージション 評判,jpn,0,2,0.0%,9.5
2026-02-28,一戸建て 騒音苦情,jpn,0,2,0.0%,30.5
2026-02-28,防音室 エアコン 換気扇,jpn,0,2,0.0%,21.0
2026-03-01,アース 線 ノイズ 対策,jpn,0,2,0.0%,82.5
2026-03-01,グランド ループ 対策,jpn,0,2,0.0%,29.0
2026-03-01,ミュージション 評判,jpn,0,2,0.0%,8.0
2026-03-01,一戸建て 騒音苦情,jpn,0,2,0.0%,29.0
2026-03-01,日本の防音市場,jpn,0,2,0.0%,16.0
2026-03-01,防音 室 仕組み,jpn,0,2,0.0%,51.5
2026-03-01,防音室 diy,jpn,0,2,0.0%,58.0
2026-03-01,防音室 格安,jpn,0,2,0.0%,8.0
2026-03-01,防音室 自作,jpn,0,2,0.0%,68.0
2026-03-01,防音室 許可,jpn,0,2,0.0%,8.0
2026-03-02,bouon,usa,0,2,0.0%,3.0
2026-03-02,キーボード 打鍵音対策,jpn,0,2,0.0%,21.0
2026-03-02,テレワーク 家族 うるさい,jpn,0,2,0.0%,50.0
2026-03-02,ノイズ アース,jpn,0,2,0.0%,72.5
2026-03-02,接地 ノイズ 対策,jpn,0,2,0.0%,83.5
2026-03-02,防音室 経費,jpn,0,2,0.0%,9.0
2026-03-03,グランド ループ ノイズ 対策,jpn,0,2,0.0%,64.5
2026-03-03,ノイズ 対策 アース,jpn,0,2,0.0%,38.0
2026-03-03,ノイズ 対策 接地,jpn,0,2,0.0%,65.5
2026-03-03,一戸建て 騒音苦情,jpn,0,2,0.0%,29.0
2026-03-03,防音室 格安,jpn,0,2,0.0%,11.0
2026-03-04,bouon,usa,0,2,0.0%,3.0
2026-03-04,アース 線 ノイズ 対策,jpn,0,2,0.0%,54.5
2026-03-04,キーボード 打鍵音対策,jpn,0,2,0.0%,23.0
2026-03-04,キーボード 音 うるさい 対策,jpn,0,2,0.0%,21.0
2026-03-04,クローゼット 防音室 賃貸,jpn,0,2,0.0%,11.0
2026-03-04,ノイズ アース 対策,jpn,0,2,0.0%,52.0
2026-03-04,一戸建て 騒音苦情,jpn,0,2,0.0%,25.0
2026-03-04,接地 ノイズ 対策,jpn,0,2,0.0%,60.0
2026-03-04,聴覚過敏 治し方,jpn,0,2,0.0%,104.5
2026-03-04,賃貸 防音室 大阪,jpn,0,2,0.0%,30.5
2026-03-04,防音室 安い おすすめ,jpn,0,2,0.0%,11.5
2026-03-04,防音工事 種類,jpn,0,2,0.0%,95.5
2026-03-05,ドラム 防音 室 自作,jpn,0,2,0.0%,63.5
2026-03-05,ノイズ アース,jpn,0,2,0.0%,59.0
2026-03-05,ノイズ アース 線,jpn,0,2,0.0%,44.5
2026-03-05,ノイズ 対策 アース,jpn,0,2,0.0%,52.5
2026-03-05,日本の防音市場,jpn,0,2,0.0%,19.5
2026-03-05,防音 賃貸 京都,jpn,0,2,0.0%,47.5
2026-03-05,防音 賃貸 千葉,jpn,0,2,0.0%,46.0
2026-03-05,防音室 スポットクーラー,jpn,0,2,0.0%,17.0
2026-03-05,防音室 値段,jpn,0,2,0.0%,42.0
2026-03-05,防音室 賃貸 千葉,jpn,0,2,0.0%,29.5
2026-03-05,防音室 賃貸 神奈川,jpn,0,2,0.0%,41.5
2026-03-05,防音工事 神戸,jpn,0,2,0.0%,68.0
2026-03-05,防音工事 種類,jpn,0,2,0.0%,93.0
2026-03-06,how much does it cost to soundproof a room,usa,0,2,0.0%,55.0
2026-03-06,otodasu 賃貸 許可,jpn,0,2,0.0%,11.0
2026-03-06,アパート 楽器相談,jpn,0,2,0.0%,44.5
2026-03-06,アース ライン ノイズ 対策,jpn,0,2,0.0%,54.5
2026-03-06,ノイズ アース 対策,jpn,0,2,0.0%,35.5
2026-03-06,ノイズ アース 線,jpn,0,2,0.0%,48.5
2026-03-06,ボーカル ブース,jpn,0,2,0.0%,73.5
2026-03-06,吸音材 遮音材 違い 効果,jpn,0,2,0.0%,39.0
2026-03-06,防音室 工事 賃貸,jpn,0,2,0.0%,71.5
2026-03-07,bouon,usa,0,2,0.0%,4.0
2026-03-07,how to soundproof a room cheaply,usa,0,2,0.0%,60.0
2026-03-07,ノイズ 対策 接地,jpn,0,2,0.0%,73.5
2026-03-07,接地 ノイズ 対策,jpn,0,2,0.0%,60.0
2026-03-07,日本 集合住宅 遮音基準 欧米比較,usa,0,2,0.0%,1.5
2026-03-07,賃貸 防音 室 許可,jpn,0,2,0.0%,20.0
2026-03-07,防音 室 自作,jpn,0,2,0.0%,70.5
2026-03-07,防音 賃貸 大阪,jpn,0,2,0.0%,45.5
2026-03-07,防音室 経費,jpn,0,2,0.0%,9.0
2026-03-07,防音室 見積もり,jpn,0,2,0.0%,43.5
2026-03-08,ワンタッチ 防音 壁 賃貸,jpn,0,2,0.0%,34.5
2026-03-08,大阪 防音 賃貸,jpn,0,2,0.0%,60.0
2026-03-08,楽器可 防音室,jpn,0,2,0.0%,38.0
2026-03-09,musision,aus,0,2,0.0%,5.0
2026-03-09,musision,usa,0,2,0.0%,9.0
2026-03-09,テレワーク 家族 うるさい,jpn,0,2,0.0%,39.5
2026-03-09,楽器可 防音性能 db,jpn,0,2,0.0%,38.5
2026-03-09,防音室 値段,jpn,0,2,0.0%,50.0
2026-03-09,防音室 自作 効果なし,jpn,0,2,0.0%,42.0
2026-03-10,how much does it cost to soundproof a room,usa,0,2,0.0%,71.5
2026-03-10,ノイズ 対策 アース,jpn,0,2,0.0%,87.5
2026-03-10,ワンタッチ 防音 壁 賃貸,jpn,0,2,0.0%,36.0
2026-03-11,千葉 防音室 物件,jpn,0,2,0.0%,30.5
2026-03-11,防音室 値段,jpn,0,2,0.0%,28.0
2026-03-12,otodasu 賃貸 許可,jpn,0,2,0.0%,12.5
2026-03-12,pa ノイズ 対策,jpn,0,2,0.0%,43.0
2026-03-12,rew rt60,jpn,0,2,0.0%,4.5
2026-03-12,アース 線 ノイズ 対策,jpn,0,2,0.0%,88.0
2026-03-12,グランド ループ 対策,jpn,0,2,0.0%,70.5
2026-03-12,ノイズ アース 線,jpn,0,2,0.0%,85.0
2026-03-12,千葉 防音室 物件,jpn,0,2,0.0%,37.5
2026-03-12,日本の防音市場,jpn,0,2,0.0%,15.5
2026-03-12,防音 賃貸 千葉,jpn,0,2,0.0%,44.5
2026-03-12,防音室 自作 おすすめ 素材,jpn,0,2,0.0%,48.0
2026-03-12,防音室 自作 キット,jpn,0,2,0.0%,38.0
2026-03-12,防音室 自作 効果なし,jpn,0,2,0.0%,28.0
2026-03-12,防音室 賃貸 千葉,jpn,0,2,0.0%,32.0
2026-03-12,防音室 賃貸 大阪,jpn,0,2,0.0%,44.5
2026-03-12,防音工事 種類,jpn,0,2,0.0%,97.0
2026-03-13,遮音値とは,jpn,0,2,0.0%,95.0
2026-03-13,防音工事 補助金,jpn,0,2,0.0%,59.0
2026-03-13,音過敏症,jpn,0,2,0.0%,88.0
2026-03-14,diy 防音室,jpn,0,2,0.0%,42.5
2026-03-14,アビテックス 賃貸 許可,jpn,0,2,0.0%,9.0
2026-03-14,ドラム 防音室,jpn,0,2,0.0%,79.0
2026-03-14,マンション防音室,jpn,0,2,0.0%,51.0
2026-03-14,ユニット式防音室,jpn,0,2,0.0%,37.0
2026-03-14,賃貸 防音 室 許可,jpn,0,2,0.0%,26.5
2026-03-14,防振床,jpn,0,2,0.0%,73.5
2026-03-14,防音室 エアコン 換気扇,jpn,0,2,0.0%,26.5
2026-03-14,防音室 価格,jpn,0,2,0.0%,44.0
2026-03-14,音楽教室 防音室,jpn,0,2,0.0%,90.5
2026-03-15,ピアノ 住宅ローン,jpn,0,2,0.0%,41.5
2026-03-15,防音室 自作,jpn,0,2,0.0%,60.5
2026-03-16,グランド ループ ノイズ 対策,jpn,0,2,0.0%,59.5
2026-03-16,テレワーク 家族 うるさい,jpn,0,2,0.0%,44.5
2026-03-16,防音 室 値段,jpn,0,2,0.0%,43.5
2026-03-17,マンション 防音室,jpn,0,2,0.0%,49.5
2026-03-17,日本の防音市場,jpn,0,2,0.0%,14.0
2026-03-17,防音 室 ピアノ,jpn,0,2,0.0%,72.5
2026-03-17,防音室 工事 見積もり,jpn,0,2,0.0%,91.5
2026-03-17,防音室 暑い,jpn,0,2,0.0%,31.5
2026-03-18,グランド ループ ノイズ 対策,jpn,0,2,0.0%,75.0
2026-03-18,吸音 ウォールパネル ニトリ 効果,jpn,0,2,0.0%,8.5
2026-03-18,賃貸 千葉 防音,jpn,0,2,0.0%,44.0
2026-03-18,賃貸 大阪 防音,jpn,0,2,0.0%,46.5
2026-03-18,防音室 値段,jpn,0,2,0.0%,46.0
2026-03-18,防音室 買取,jpn,0,2,0.0%,47.0
2026-03-18,防音室 賃貸 福岡,jpn,0,2,0.0%,41.5
2026-03-19,soundproof measurement,jpn,0,2,0.0%,53.5
2026-03-19,ピアノ 住宅ローン,jpn,0,2,0.0%,24.0
2026-03-19,吸音材 遮音材 違い グラフ,jpn,0,2,0.0%,41.0
2026-03-19,日本の防音市場,jpn,0,2,0.0%,16.5
2026-03-19,楽器可 物件 防音 嘘,jpn,0,2,0.0%,8.5
2026-03-19,楽器可 防音性能 db,jpn,0,2,0.0%,45.0
2026-03-19,賃貸 防音 神奈川,jpn,0,2,0.0%,47.0
2026-03-19,賃貸 防音室 許可 なぜ,jpn,0,2,0.0%,12.0
2026-03-19,防音 アパート 埼玉,jpn,0,2,0.0%,45.0
2026-03-19,防音 賃貸 埼玉,jpn,0,2,0.0%,43.0
2026-03-19,防音室 物件 大阪,jpn,0,2,0.0%,45.5
2026-03-19,防音室 自作 キット,jpn,0,2,0.0%,40.5
2026-03-19,防音室 自作 効果なし,jpn,0,2,0.0%,33.0
2026-03-19,防音室 賃貸 千葉,jpn,0,2,0.0%,35.5
2026-03-19,防音室 賃貸 福岡,jpn,0,2,0.0%,38.0
2026-03-20,how much does it cost to soundproof a room,usa,0,2,0.0%,89.0
2026-03-20,how to soundproof a room cheap,usa,0,2,0.0%,73.5
2026-03-20,musision,usa,0,2,0.0%,16.0
2026-03-20,賃貸 防音室 許可 なぜ,jpn,0,2,0.0%,12.0
2026-03-20,防音 室 値段,jpn,0,2,0.0%,50.5
2026-03-21,cost of soundproofing a room,usa,0,2,0.0%,81.0
2026-03-21,cost to soundproof a room,usa,0,2,0.0%,81.5
2026-03-21,ニトリ 防音 壁 効果,jpn,0,2,0.0%,10.5
2026-03-21,ピアノ 住宅ローン,jpn,0,2,0.0%,33.5
2026-03-21,ピアノ教室 防音室,jpn,0,2,0.0%,96.5
2026-03-21,ユニット式防音室,jpn,0,2,0.0%,43.0
2026-03-21,打楽器 防音,jpn,0,2,0.0%,85.0
2026-03-21,防音 室 値段,jpn,0,2,0.0%,42.0
2026-03-21,防音 賃貸 大阪,jpn,0,2,0.0%,48.5
2026-03-21,防音室 自作,jpn,0,2,0.0%,85.5
2026-03-21,防音室 見積もり,jpn,0,2,0.0%,77.5
2025-12-22,bouon,twn,0,1,0.0%,11.0
2025-12-22,building code japan updates,usa,0,1,0.0%,8.0
2025-12-22,building code japan updates today,usa,0,1,0.0%,2.0
2025-12-22,dynamic vs condenser microphone for podcasting,usa,0,1,0.0%,87.0
2025-12-22,japan building code energy efficiency 2025 news,usa,0,1,0.0%,4.0
2025-12-22,japan building code update 2025 news today,usa,0,1,0.0%,3.0
2025-12-22,japan building code update december 2025,bra,0,1,0.0%,10.0
2025-12-22,japan building code update december 2025 news,usa,0,1,0.0%,8.0
2025-12-22,japan building standards act revision news today,usa,0,1,0.0%,6.0
2025-12-22,japan building standards law news december 2025,can,0,1,0.0%,4.0
2025-12-22,japan construction regulation news december 2025,usa,0,1,0.0%,10.0
2025-12-22,japan noise regulation news,usa,0,1,0.0%,5.0
2025-12-22,livestream soundproof,jam,0,1,0.0%,23.0
2025-12-22,mlit building standards news,usa,0,1,0.0%,4.0
2025-12-22,soundproofing room hourly rates,gbr,0,1,0.0%,16.0
2025-12-22,vtuber 防音対策,jpn,0,1,0.0%,16.0
2025-12-22,マンション 防音室 許可,jpn,0,1,0.0%,27.0
2025-12-22,一人暮らし 配信 防音,jpn,0,1,0.0%,13.0
2025-12-22,賃貸 防音室 許可,jpn,0,1,0.0%,17.0
2025-12-22,配信 吸音材,jpn,0,1,0.0%,29.0
2025-12-22,配信環境 防音,jpn,0,1,0.0%,29.0
2025-12-22,配信部屋,jpn,0,1,0.0%,64.0
2025-12-22,防音室 おすすめ 配信,jpn,0,1,0.0%,21.0
2025-12-22,防音室 ハウスメーカー おすすめ,jpn,0,1,0.0%,28.0
2025-12-22,防音室 加湿器,jpn,0,1,0.0%,3.0
2025-12-22,防音室 暑さ対策,jpn,0,1,0.0%,28.0
2025-12-22,防音室 湿度,jpn,0,1,0.0%,12.0
2025-12-22,防音室 設置 許可,jpn,0,1,0.0%,28.0
2025-12-22,防音室 許可,jpn,0,1,0.0%,26.0
2025-12-22,防音室 賃貸 許可,jpn,0,1,0.0%,22.0
2025-12-23,building code japan updates,usa,0,1,0.0%,8.0
2025-12-23,dynamic or condenser mic for streaming,usa,0,1,0.0%,62.0
2025-12-23,japan building code changes 2025 news,usa,0,1,0.0%,5.0
2025-12-23,japan building code news today 2025,usa,0,1,0.0%,3.0
2025-12-23,japan building code update december 2025 news,usa,0,1,0.0%,8.0
2025-12-23,japan building code update news december 2025,usa,0,1,0.0%,9.0
2025-12-23,japan building code update today,usa,0,1,0.0%,2.0
2025-12-23,japan building code updates,usa,0,1,0.0%,4.0
2025-12-23,japan building code updates 2025 news,usa,0,1,0.0%,3.0
2025-12-23,japan building standards law update news today,usa,0,1,0.0%,7.0
2025-12-23,japan noise regulation news,usa,0,1,0.0%,5.0
2025-12-23,japan sound masking system market,gbr,0,1,0.0%,26.0
2025-12-23,japan sound masking system market,ind,0,1,0.0%,50.0
2025-12-23,japan sound masking system market,usa,0,1,0.0%,27.0
2025-12-23,mlit building standards news,usa,0,1,0.0%,4.0
2025-12-23,soundproofing room hourly rates,gbr,0,1,0.0%,15.0
2025-12-23,soundproofing technology news,usa,0,1,0.0%,7.0
2025-12-23,tokyo noise regulation news,usa,0,1,0.0%,6.0
2025-12-23,treadmill mat reduce noise apartment,usa,0,1,0.0%,95.0
2025-12-23,vtuber 防音室,jpn,0,1,0.0%,18.0
2025-12-23,vtuber 防音対策,jpn,0,1,0.0%,16.0
2025-12-23,サービスオフィス 防音,jpn,0,1,0.0%,92.0
2025-12-23,マンション 防音室 許可,jpn,0,1,0.0%,36.0
2025-12-23,一人暮らし 配信 防音,jpn,0,1,0.0%,12.0
2025-12-23,伊丹 空港 騒音 補助金 いくら,jpn,0,1,0.0%,11.0
2025-12-23,失敗しない防音室のつくり方,jpn,0,1,0.0%,39.0
2025-12-23,日本の防音市場,jpn,0,1,0.0%,31.0
2025-12-23,賃貸 防音室 許可,jpn,0,1,0.0%,17.0
2025-12-23,配信環境 防音,jpn,0,1,0.0%,29.0
2025-12-23,配信部屋,jpn,0,1,0.0%,34.0
2025-12-23,防音 室 値段,jpn,0,1,0.0%,73.0
2025-12-23,防音室 おすすめ 配信,jpn,0,1,0.0%,20.0
2025-12-23,防音室 ハウスメーカー おすすめ,jpn,0,1,0.0%,49.0
2025-12-23,防音室 値段,jpn,0,1,0.0%,31.0
2025-12-23,防音室 加湿器,jpn,0,1,0.0%,3.0
2025-12-23,防音室 湿度,jpn,0,1,0.0%,11.0
2025-12-23,防音室 設置 許可,jpn,0,1,0.0%,20.0
2025-12-23,防音室 許可,jpn,0,1,0.0%,25.0
2025-12-23,防音室 賃貸 許可,jpn,0,1,0.0%,19.0
2025-12-23,防音工事 補助金,jpn,0,1,0.0%,40.0
2025-12-24,building code japan update,usa,0,1,0.0%,8.0
2025-12-24,condenser mic vs dynamic mic for podcasting,usa,0,1,0.0%,84.0
2025-12-24,japan building code update 2025 news,usa,0,1,0.0%,3.0
2025-12-24,japan building code update december 2025,usa,0,1,0.0%,12.0
2025-12-24,japan building code updates,usa,0,1,0.0%,4.0
2025-12-24,japan building code updates 2025 news today,usa,0,1,0.0%,2.0
2025-12-24,japan building standards act revision news today,usa,0,1,0.0%,6.0
2025-12-24,mlit building regulation news,usa,0,1,0.0%,3.0
2025-12-24,sound suppression technology latest developments 2025,mex,0,1,0.0%,20.0
2025-12-24,soundproofing room hourly rates,gbr,0,1,0.0%,15.0
2025-12-24,soundproofing technology,sgp,0,1,0.0%,57.0
2025-12-24,tokyo building code news december 2025,usa,0,1,0.0%,12.0
2025-12-24,vtuber 防音対策,jpn,0,1,0.0%,18.0
2025-12-24,what is a soundproof room,gbr,0,1,0.0%,80.0
2025-12-24,マンション 防音室 許可,jpn,0,1,0.0%,22.0
2025-12-24,一人暮らし 配信 防音,jpn,0,1,0.0%,13.0
2025-12-24,伊丹 空港 騒音 補助金 いくら,jpn,0,1,0.0%,10.0
2025-12-24,失敗しない防音室のつくり方,jpn,0,1,0.0%,37.0
2025-12-24,賃貸 防音室 許可,jpn,0,1,0.0%,17.0
2025-12-24,配信環境 防音,jpn,0,1,0.0%,29.0
2025-12-24,防音 設備,jpn,0,1,0.0%,99.0
2025-12-24,防音室 2畳 サイズ,jpn,0,1,0.0%,10.0
2025-12-24,防音室 おすすめ 配信,jpn,0,1,0.0%,20.0
2025-12-24,防音室 ハウスメーカー おすすめ,jpn,0,1,0.0%,28.0
2025-12-24,防音室 加湿器,jpn,0,1,0.0%,3.0
2025-12-24,防音室 湿度,jpn,0,1,0.0%,10.0
2025-12-24,防音室 設置 許可,jpn,0,1,0.0%,19.0
2025-12-25,building code updates japan,usa,0,1,0.0%,5.0
2025-12-25,buzzispace rt60,ltu,0,1,0.0%,8.0
2025-12-25,japan building code energy efficiency 2025 news,usa,0,1,0.0%,4.0
2025-12-25,japan building code news 2025 december,usa,0,1,0.0%,9.0
2025-12-25,japan building code news december 2025,deu,0,1,0.0%,9.0
2025-12-25,japan building code update 2025 news,usa,0,1,0.0%,3.0
2025-12-25,japan building code update december 2025,usa,0,1,0.0%,9.0
2025-12-25,japan building code update news today 2025,usa,0,1,0.0%,2.0
2025-12-25,japan building code updates,usa,0,1,0.0%,4.0
2025-12-25,japan building standards act revision 2025 news,usa,0,1,0.0%,5.0
2025-12-25,japan building standards law update 2025 news today,usa,0,1,0.0%,10.0
2025-12-25,japan sound masking system market,ind,0,1,0.0%,53.0
2025-12-25,mlit building regulation news,usa,0,1,0.0%,3.0
2025-12-25,mlit building standards news,usa,0,1,0.0%,4.0
2025-12-25,soundproofing room hourly rates,gbr,0,1,0.0%,15.0
2025-12-25,soundproofing technology,sgp,0,1,0.0%,54.0
2025-12-25,tokyo noise regulation news,usa,0,1,0.0%,4.0
2025-12-25,vtuber 防音対策,jpn,0,1,0.0%,27.0
2025-12-25,マンション 防音室 許可,jpn,0,1,0.0%,34.0
2025-12-25,一人暮らし 配信 防音,jpn,0,1,0.0%,14.0
2025-12-25,他には,jpn,0,1,0.0%,2.0
2025-12-25,伊丹 空港 騒音 補助金 いくら,jpn,0,1,0.0%,9.0
2025-12-25,失敗しない防音室のつくり方,jpn,0,1,0.0%,37.0
2025-12-25,日本の防音市場,jpn,0,1,0.0%,34.0
2025-12-25,賃貸 防音 diy,jpn,0,1,0.0%,51.0
2025-12-25,賃貸 防音室 許可,jpn,0,1,0.0%,17.0
2025-12-25,配信環境 防音,jpn,0,1,0.0%,30.0
2025-12-25,防音室 おすすめ 配信,jpn,0,1,0.0%,19.0
2025-12-25,防音室 工事 見積もり,jpn,0,1,0.0%,32.0
2025-12-25,防音室 湿度,jpn,0,1,0.0%,10.0
2025-12-25,防音室 設置 許可,jpn,0,1,0.0%,22.0
2025-12-25,防音室 許可,jpn,0,1,0.0%,25.0
2025-12-25,防音室 配信用,jpn,0,1,0.0%,17.0
2025-12-25,防音室 配信者,jpn,0,1,0.0%,37.0
2025-12-26,iris ohyama dce-6515 dehumidifier noise db,usa,0,1,0.0%,8.0
2025-12-26,japan building code changes news today,usa,0,1,0.0%,2.0
2025-12-26,japan building code update december 2025,usa,0,1,0.0%,10.0
2025-12-26,japan building code update december 2025 news,usa,0,1,0.0%,10.0
2025-12-26,japan building code updates 2025 news,usa,0,1,0.0%,3.0
2025-12-26,japan noise regulation news,usa,0,1,0.0%,5.0
2025-12-26,japan sound masking system market,deu,0,1,0.0%,32.0
2025-12-26,japan sound masking system market,gbr,0,1,0.0%,29.0
2025-12-26,japan sound masking system market,ind,0,1,0.0%,62.0
2025-12-26,mlit building standards news,usa,0,1,0.0%,4.0
2025-12-26,soundproofing technology,sgp,0,1,0.0%,52.0
2025-12-26,tokyo noise regulation news,usa,0,1,0.0%,6.0
2025-12-26,vtuber 配信 環境,jpn,0,1,0.0%,82.0
2025-12-26,vtuber 防音対策,jpn,0,1,0.0%,18.0
2025-12-26,ゲーミングキーボード 打鍵音,jpn,0,1,0.0%,1.0
2025-12-26,ドラム 防音室,jpn,0,1,0.0%,94.0
2025-12-26,マンション 防音室 許可,jpn,0,1,0.0%,22.0
2025-12-26,ミュージション うるさい,jpn,0,1,0.0%,27.0
2025-12-26,一人暮らし 配信 防音,jpn,0,1,0.0%,14.0
2025-12-26,失敗しない防音室のつくり方,jpn,0,1,0.0%,38.0
2025-12-26,賃貸 防音室 許可,jpn,0,1,0.0%,17.0
2025-12-26,配信環境 防音,jpn,0,1,0.0%,29.0
2025-12-26,防音 リフォーム 補助金,usa,0,1,0.0%,18.0
2025-12-26,防音室 2畳 レンタル,jpn,0,1,0.0%,21.0
2025-12-26,防音室 おすすめ メーカー,jpn,0,1,0.0%,10.0
2025-12-26,防音室 おすすめ 配信,jpn,0,1,0.0%,21.0
2025-12-26,防音室 加湿器,jpn,0,1,0.0%,3.0
2025-12-26,防音室 自作 ゲーム,jpn,0,1,0.0%,76.0
2025-12-26,防音室 許可,jpn,0,1,0.0%,25.0
2025-12-26,防音室 賃貸 許可,jpn,0,1,0.0%,18.0
2025-12-26,防音室 配信者,jpn,0,1,0.0%,30.0
2025-12-26,音楽教室 防音室,jpn,0,1,0.0%,65.0
2025-12-27,acoustics noise regulation news,usa,0,1,0.0%,9.0
2025-12-27,building code japan news december 2025,usa,0,1,0.0%,12.0
2025-12-27,building code japan update 2025 news,usa,0,1,0.0%,3.0
2025-12-27,building code japan updates,usa,0,1,0.0%,8.0
2025-12-27,building code japan updates today,usa,0,1,0.0%,2.0
2025-12-27,db (デシベル) と d値 の違い,jpn,0,1,0.0%,31.0
2025-12-27,japan building code news today 2025 december,usa,0,1,0.0%,2.0
2025-12-27,japan building code update news 2025 december,usa,0,1,0.0%,12.0
2025-12-27,japan building code updates,usa,0,1,0.0%,4.0
2025-12-27,japan building code updates 2025 news today,usa,0,1,0.0%,2.0
2025-12-27,japan building code updates today,usa,0,1,0.0%,2.0
2025-12-27,soundproofing room hourly rates,gbr,0,1,0.0%,15.0
2025-12-27,soundproofing technology,sgp,0,1,0.0%,53.0
2025-12-27,マンション 防音室 許可,jpn,0,1,0.0%,27.0
2025-12-27,ミュージション うるさい,jpn,0,1,0.0%,27.0
2025-12-27,一人暮らし 配信 防音,jpn,0,1,0.0%,14.0
2025-12-27,失敗しない防音室のつくり方,jpn,0,1,0.0%,39.0
2025-12-27,配信 防音,jpn,0,1,0.0%,20.0
2025-12-27,配信環境 防音,jpn,0,1,0.0%,30.0
2025-12-27,防音 室 構造,jpn,0,1,0.0%,79.0
2025-12-27,防音室 おすすめ 配信,jpn,0,1,0.0%,20.0
2025-12-27,防音室 ハウスメーカー おすすめ,jpn,0,1,0.0%,27.0
2025-12-27,防音室 設置 許可,jpn,0,1,0.0%,27.0
2025-12-27,防音室 許可,jpn,0,1,0.0%,25.0
2025-12-27,防音室 賃貸 許可,jpn,0,1,0.0%,17.0
2025-12-27,防音室 配信者,jpn,0,1,0.0%,40.0
2025-12-28,acoustic noise regulation news,usa,0,1,0.0%,8.0
2025-12-28,d値とは,jpn,0,1,0.0%,40.0
2025-12-28,japan building code news,usa,0,1,0.0%,2.0
2025-12-28,japan building code news today 2025,usa,0,1,0.0%,4.0
2025-12-28,japan building code updates 2025 news,usa,0,1,0.0%,3.0
2025-12-28,japan building code updates today,usa,0,1,0.0%,2.0
2025-12-28,noise regulation japan news,usa,0,1,0.0%,6.0
2025-12-28,soundproofing room hourly rates,gbr,0,1,0.0%,15.0
2025-12-28,soundproofing technology,sgp,0,1,0.0%,59.0
2025-12-28,tokyo noise regulation news,usa,0,1,0.0%,6.0
2025-12-28,vtuber 防音室,jpn,0,1,0.0%,40.0
2025-12-28,vtuber 防音対策,jpn,0,1,0.0%,20.0
2025-12-28,アビテックス セフィーネ 違い,usa,0,1,0.0%,12.0
2025-12-28,ドラム 防音室,jpn,0,1,0.0%,83.0
2025-12-28,マンション 防音室 許可,jpn,0,1,0.0%,27.0
2025-12-28,一人暮らし 配信 防音,jpn,0,1,0.0%,13.0
2025-12-28,日本の防音市場,jpn,0,1,0.0%,35.0
2025-12-28,賃貸 防音室 許可,jpn,0,1,0.0%,16.0
2025-12-28,配信環境 防音,jpn,0,1,0.0%,30.0
2025-12-28,防音 diy,jpn,0,1,0.0%,57.0
2025-12-28,防音 リフォーム 補助金,jpn,0,1,0.0%,42.0
2025-12-28,防音 室 構造,jpn,0,1,0.0%,74.0
2025-12-28,防音キャビネット市場,jpn,0,1,0.0%,65.0
2025-12-28,防音室 diy,jpn,0,1,0.0%,55.0
2025-12-28,防音室 おすすめ メーカー,jpn,0,1,0.0%,11.0
2025-12-28,防音室 おすすめ 配信,jpn,0,1,0.0%,21.0
2025-12-28,防音室 ドラム,jpn,0,1,0.0%,70.0
2025-12-28,防音室 マンション 設置,jpn,0,1,0.0%,78.0
2025-12-28,防音室 値段,jpn,0,1,0.0%,65.0
2025-12-28,防音室 加湿器,jpn,0,1,0.0%,3.0
2025-12-28,防音室 構造,jpn,0,1,0.0%,76.0
2025-12-28,防音室 湿度,jpn,0,1,0.0%,10.0
2025-12-28,防音室 設置 許可,jpn,0,1,0.0%,22.0
2025-12-28,防音室 許可,jpn,0,1,0.0%,25.0
2025-12-28,防音室 賃貸 許可,jpn,0,1,0.0%,19.0
2025-12-28,防音室 配信者,jpn,0,1,0.0%,39.0
2025-12-28,防音工事 補助金,jpn,0,1,0.0%,95.0
2025-12-29,building code japan update today,usa,0,1,0.0%,5.0
2025-12-29,building code japan updates today,usa,0,1,0.0%,2.0
2025-12-29,db (デシベル) と d値 の違い,jpn,0,1,0.0%,32.0
2025-12-29,japan building code news,usa,0,1,0.0%,2.0
2025-12-29,japan building code news 2025,usa,0,1,0.0%,5.0
2025-12-29,japan building code news 2025 december,usa,0,1,0.0%,9.0
2025-12-29,japan building code revision news today,usa,0,1,0.0%,2.0
2025-12-29,japan building code update 2025 news,usa,0,1,0.0%,2.0
2025-12-29,japan building code update december 2025,usa,0,1,0.0%,9.0
2025-12-29,japan building code update news 2025 december,usa,0,1,0.0%,11.0
2025-12-29,japan building code update news today 2025,usa,0,1,0.0%,2.0
2025-12-29,japan building code updates 2025 news,usa,0,1,0.0%,3.0
2025-12-29,japan building code ventilation news,usa,0,1,0.0%,2.0
2025-12-29,mlit building standards news,usa,0,1,0.0%,4.0
2025-12-29,musision,nor,0,1,0.0%,5.0
2025-12-29,soundproofing news 2025,usa,0,1,0.0%,5.0
2025-12-29,soundproofing room hourly rates,gbr,0,1,0.0%,15.0
2025-12-29,soundproofing technology,sgp,0,1,0.0%,58.0
2025-12-29,vtuber 防音室,jpn,0,1,0.0%,39.0
2025-12-29,vtuber 防音対策,jpn,0,1,0.0%,20.0
2025-12-29,what is a sound room,usa,0,1,0.0%,51.0
2025-12-29,マンション 防音室 許可,jpn,0,1,0.0%,27.0
2025-12-29,一人暮らし 配信 防音,jpn,0,1,0.0%,16.0
2025-12-29,失敗しない防音室のつくり方,jpn,0,1,0.0%,37.0
2025-12-29,屋根工事 補助金,jpn,0,1,0.0%,1.0
2025-12-29,賃貸 防音室 許可,jpn,0,1,0.0%,17.0
2025-12-29,配信環境 防音,jpn,0,1,0.0%,33.0
2025-12-29,防音 賃貸 神奈川,usa,0,1,0.0%,31.0
2025-12-29,防音キャビネット市場,jpn,0,1,0.0%,74.0
2025-12-29,防音室 おすすめ 配信,jpn,0,1,0.0%,21.0
2025-12-29,防音室 メーカー,jpn,0,1,0.0%,26.0
2025-12-29,防音室 加湿器,jpn,0,1,0.0%,3.0
2025-12-29,防音室 湿度,jpn,0,1,0.0%,10.0
2025-12-29,防音室 自作,jpn,0,1,0.0%,68.0
2025-12-29,防音室 設置 許可,jpn,0,1,0.0%,19.0
2025-12-29,防音室 許可,jpn,0,1,0.0%,25.0
2025-12-29,防音室 費用,usa,0,1,0.0%,25.0
2025-12-29,防音室 賃貸 許可,jpn,0,1,0.0%,19.0
2025-12-30,bouon,usa,0,1,0.0%,9.0
2025-12-30,building code japan 2025 news,usa,0,1,0.0%,4.0
2025-12-30,building code japan update 2025 news,usa,0,1,0.0%,3.0
2025-12-30,db (デシベル) と d値 の違い,jpn,0,1,0.0%,32.0
2025-12-30,japan building code news today 2025 december,usa,0,1,0.0%,5.0
2025-12-30,japan building code update news 2025 december,usa,0,1,0.0%,12.0
2025-12-30,japan building code updates,usa,0,1,0.0%,4.0
2025-12-30,soundproof room meaning,usa,0,1,0.0%,87.0
2025-12-30,vtuber 防音室,jpn,0,1,0.0%,38.0
2025-12-30,vtuber 防音対策,jpn,0,1,0.0%,19.0
2025-12-30,ゲーミングキーボード 音,jpn,0,1,0.0%,1.0
2025-12-30,ゲーム 声 うるさい 防音,jpn,0,1,0.0%,50.0
2025-12-30,サービスオフィス 防音,jpn,0,1,0.0%,89.0
2025-12-30,シェアハウス 中央区 音大生,jpn,0,1,0.0%,47.0
2025-12-30,ピアノ 防音パネル 意味ない,jpn,0,1,0.0%,74.0
2025-12-30,一人暮らし 配信 防音,jpn,0,1,0.0%,13.0
2025-12-30,一戸建て 騒音 苦情,jpn,0,1,0.0%,57.0
2025-12-30,伊丹 空港 騒音 補助金 いくら,jpn,0,1,0.0%,8.0
2025-12-30,失敗しない防音室のつくり方,jpn,0,1,0.0%,36.0
2025-12-30,日本の防音市場,jpn,0,1,0.0%,39.0
2025-12-30,部屋 防音 diy,usa,0,1,0.0%,38.0
2025-12-30,配信 防音 自作,usa,0,1,0.0%,37.0
2025-12-30,防音 室 自作,jpn,0,1,0.0%,59.0
2025-12-30,防音 自作 賃貸,usa,0,1,0.0%,43.0
2025-12-30,防音ルーム,jpn,0,1,0.0%,92.0
2025-12-30,防音室 diy,jpn,0,1,0.0%,56.0
2025-12-30,防音室 おすすめ 配信,jpn,0,1,0.0%,22.0
2025-12-30,防音室 ドラム,jpn,0,1,0.0%,70.0
2025-12-30,防音室 自作,jpn,0,1,0.0%,61.0
2025-12-30,防音室 自作 失敗,jpn,0,1,0.0%,54.0
2025-12-30,防音室 設置 許可,jpn,0,1,0.0%,34.0
2025-12-30,防音室 許可,jpn,0,1,0.0%,24.0
2025-12-30,防音室 賃貸 許可,jpn,0,1,0.0%,18.0
2025-12-30,防音室 配信者,jpn,0,1,0.0%,40.0
2025-12-31,building code japan update,usa,0,1,0.0%,9.0
2025-12-31,db (デシベル) と d値 の違い,jpn,0,1,0.0%,29.0
2025-12-31,diy 防音,can,0,1,0.0%,48.0
2025-12-31,japan building code news 2025,usa,0,1,0.0%,4.0
2025-12-31,japan building code news 2025 today,usa,0,1,0.0%,2.0
2025-12-31,japan building code update,usa,0,1,0.0%,4.0
2025-12-31,japan building standards act revision 2025 news,usa,0,1,0.0%,5.0
2025-12-31,soundproofing room hourly rates,gbr,0,1,0.0%,15.0
2025-12-31,soundproofing technology news,usa,0,1,0.0%,10.0
2025-12-31,vtuber 防音室,jpn,0,1,0.0%,38.0
2025-12-31,vtuber 防音対策,jpn,0,1,0.0%,19.0
2025-12-31,キーボードの音をなくす方法,jpn,0,1,0.0%,1.0
2025-12-31,シェアハウス 中央区 音大生,jpn,0,1,0.0%,44.0
2025-12-31,マンション 防音室 許可,jpn,0,1,0.0%,26.0
2025-12-31,一人暮らし 配信 防音,jpn,0,1,0.0%,16.0
2025-12-31,賃貸 防音室 許可,jpn,0,1,0.0%,16.0
2025-12-31,配信環境 防音,jpn,0,1,0.0%,32.0
2025-12-31,防音室 おすすめ 配信,jpn,0,1,0.0%,21.0
2025-12-31,防音室 比較,usa,0,1,0.0%,20.0
2025-12-31,防音室 設置 許可,jpn,0,1,0.0%,19.0
2025-12-31,防音室 許可,jpn,0,1,0.0%,25.0
2025-12-31,防音室 賃貸 許可,jpn,0,1,0.0%,18.0
2025-12-31,防音室 配信者,jpn,0,1,0.0%,39.0
2025-12-31,防音工事補助金,jpn,0,1,0.0%,1.0
2026-01-01,db (デシベル) と d値 の違い,jpn,0,1,0.0%,32.0
2026-01-01,soundproofing room hourly rates,gbr,0,1,0.0%,16.0
2026-01-01,soundproofing tech news,usa,0,1,0.0%,9.0
2026-01-01,soundproofing technology,sgp,0,1,0.0%,61.0
2026-01-01,vtuber 防音室,jpn,0,1,0.0%,37.0
2026-01-01,vtuber 防音対策,jpn,0,1,0.0%,18.0
2026-01-01,ゲーミングキーボード 打鍵音,jpn,0,1,0.0%,1.0
2026-01-01,シェアハウス 中央区 音大生,jpn,0,1,0.0%,50.0
2026-01-01,マンション 防音室 許可,jpn,0,1,0.0%,26.0
2026-01-01,一人暮らし 配信 防音,jpn,0,1,0.0%,14.0
2026-01-01,一人暮らし 防音 東京,jpn,0,1,0.0%,43.0
2026-01-01,伊丹 空港 騒音 補助金 いくら,jpn,0,1,0.0%,9.0
2026-01-01,失敗しない防音室のつくり方,jpn,0,1,0.0%,38.0
2026-01-01,日本の防音市場,jpn,0,1,0.0%,36.0
2026-01-01,神奈川 防音 賃貸,jpn,0,1,0.0%,43.0
2026-01-01,賃貸 防音室 許可,jpn,0,1,0.0%,18.0
2026-01-01,配信 防音,jpn,0,1,0.0%,30.0
2026-01-01,配信 防音 自作,jpn,0,1,0.0%,31.0
2026-01-01,配信 防音室,jpn,0,1,0.0%,31.0
2026-01-01,配信環境 防音,jpn,0,1,0.0%,32.0
2026-01-01,配信者 部屋 防音,jpn,0,1,0.0%,31.0
2026-01-01,配信者 防音室,jpn,0,1,0.0%,23.0
2026-01-01,配信部屋 防音,jpn,0,1,0.0%,37.0
2026-01-01,防音 賃貸 diy,usa,0,1,0.0%,21.0
2026-01-01,防音室 diy,jpn,0,1,0.0%,35.0
2026-01-01,防音室 おすすめ 配信,jpn,0,1,0.0%,22.0
2026-01-01,防音室 ハウスメーカー おすすめ,jpn,0,1,0.0%,23.0
2026-01-01,防音室 比較,hkg,0,1,0.0%,9.0
2026-01-01,防音室 湿度,jpn,0,1,0.0%,11.0
2026-01-01,防音室 設置 許可,jpn,0,1,0.0%,20.0
2026-01-01,防音室 賃貸 許可,jpn,0,1,0.0%,18.0
2026-01-01,防音室 配信者,jpn,0,1,0.0%,23.0
2026-01-01,防音工事補助金,jpn,0,1,0.0%,1.0
2026-01-02,db (デシベル) と d値 の違い,jpn,0,1,0.0%,31.0
2026-01-02,how to soundproof a room for streaming,can,0,1,0.0%,20.0
2026-01-02,mlit housing subsidy news,usa,0,1,0.0%,12.0
2026-01-02,soundproofing technology,sgp,0,1,0.0%,52.0
2026-01-02,vtuber 防音室,jpn,0,1,0.0%,37.0
2026-01-02,vtuber 防音対策,jpn,0,1,0.0%,18.0
2026-01-02,wii fit 防音 マット 足音 振動,jpn,0,1,0.0%,8.0
2026-01-02,マンション 防音室 許可,jpn,0,1,0.0%,26.0
2026-01-02,一人暮らし 配信 防音,jpn,0,1,0.0%,17.0
2026-01-02,賃貸 配信 防音,jpn,0,1,0.0%,36.0
2026-01-02,賃貸 防音室 許可,jpn,0,1,0.0%,17.0
2026-01-02,配信 防音 自作,jpn,0,1,0.0%,26.0
2026-01-02,配信 防音室,jpn,0,1,0.0%,35.0
2026-01-02,配信環境 防音,jpn,0,1,0.0%,31.0
2026-01-02,配信者 部屋 防音,jpn,0,1,0.0%,33.0
2026-01-02,配信者 防音,jpn,0,1,0.0%,29.0
2026-01-02,配信者 防音室,jpn,0,1,0.0%,23.0
2026-01-02,配信部屋 防音,jpn,0,1,0.0%,39.0
2026-01-02,防音 室,jpn,0,1,0.0%,79.0
2026-01-02,防音室 100万,jpn,0,1,0.0%,12.0
2026-01-02,防音室 おすすめ 配信,jpn,0,1,0.0%,21.0
2026-01-02,防音室 一畳,jpn,0,1,0.0%,14.0
2026-01-02,防音室 加湿器,jpn,0,1,0.0%,3.0
2026-01-02,防音室 大阪 賃貸,jpn,0,1,0.0%,27.0
2026-01-02,防音室 苦情,jpn,0,1,0.0%,43.0
2026-01-02,防音室 設置 許可,jpn,0,1,0.0%,19.0
2026-01-02,防音室 許可,jpn,0,1,0.0%,24.0
2026-01-02,防音室 賃貸 許可,jpn,0,1,0.0%,18.0
2026-01-02,防音工事 補助金,jpn,0,1,0.0%,1.0
2026-01-02,音楽教室 防音室,jpn,0,1,0.0%,60.0
2026-01-03,bouon,twn,0,1,0.0%,4.0
2026-01-03,db (デシベル) と d値 の違い,jpn,0,1,0.0%,33.0
2026-01-03,how to measure rt60 reverberation time in practice diy methods,usa,0,1,0.0%,15.0
2026-01-03,japan building code updates today,usa,0,1,0.0%,2.0
2026-01-03,soundproofing room hourly rates,gbr,0,1,0.0%,29.0
2026-01-03,soundproofing technology,sgp,0,1,0.0%,53.0
2026-01-03,vtuber 防音室,jpn,0,1,0.0%,36.0
2026-01-03,vtuber 防音対策,jpn,0,1,0.0%,17.0
2026-01-03,マンション 防音室 許可,jpn,0,1,0.0%,25.0
2026-01-03,一人暮らし 配信 防音,jpn,0,1,0.0%,11.0
2026-01-03,受忍限度とは,jpn,0,1,0.0%,87.0
2026-01-03,大阪 防音室 賃貸,jpn,0,1,0.0%,24.0
2026-01-03,失敗しない防音室のつくり方,jpn,0,1,0.0%,39.0
2026-01-03,神奈川 賃貸 防音,usa,0,1,0.0%,31.0
2026-01-03,賃貸 配信 防音,jpn,0,1,0.0%,37.0
2026-01-03,賃貸 防音室 許可,jpn,0,1,0.0%,18.0
2026-01-03,配信 防音 自作,jpn,0,1,0.0%,28.0
2026-01-03,配信 防音室,jpn,0,1,0.0%,37.0
2026-01-03,配信環境 防音,jpn,0,1,0.0%,39.0
2026-01-03,配信者 部屋 防音,jpn,0,1,0.0%,32.0
2026-01-03,配信者 防音室,jpn,0,1,0.0%,22.0
2026-01-03,防音 部屋 費用,jpn,0,1,0.0%,99.0
2026-01-03,防音室 2畳,jpn,0,1,0.0%,46.0
2026-01-03,防音室 2畳 サイズ,jpn,0,1,0.0%,12.0
2026-01-03,防音室 おすすめ 配信,jpn,0,1,0.0%,22.0
2026-01-03,防音室 値段,jpn,0,1,0.0%,16.0
2026-01-03,防音室 湿度,jpn,0,1,0.0%,11.0
2026-01-03,防音室 設置 許可,jpn,0,1,0.0%,27.0
2026-01-03,防音室 許可,jpn,0,1,0.0%,22.0
2026-01-03,防音室 賃貸 許可,jpn,0,1,0.0%,17.0
2026-01-03,防音室 配信者,jpn,0,1,0.0%,24.0
2026-01-03,音楽教室 防音室,jpn,0,1,0.0%,60.0
2026-01-04,bouon,sau,0,1,0.0%,11.0
2026-01-04,condenser vs dynamic mic for streaming,usa,0,1,0.0%,64.0
2026-01-04,db (デシベル) と d値 の違い,jpn,0,1,0.0%,32.0
2026-01-04,d値とは,jpn,0,1,0.0%,40.0
2026-01-04,how to measure rt60 reverberation time in practice diy methods,usa,0,1,0.0%,17.0
2026-01-04,how to measure rt60 reverberation time in practice practical methods,usa,0,1,0.0%,15.0
2026-01-04,japan building code updates today,usa,0,1,0.0%,4.0
2026-01-04,soundproofing room hourly rates,gbr,0,1,0.0%,21.0
2026-01-04,wii fit 防音 マット 足音 振動,jpn,0,1,0.0%,11.0
2026-01-04,ギター 防音,jpn,0,1,0.0%,84.0
2026-01-04,マンション 防音室 許可,jpn,0,1,0.0%,34.0
2026-01-04,住宅防音工事 補助金,jpn,0,1,0.0%,1.0
2026-01-04,失敗しない防音室のつくり方,jpn,0,1,0.0%,39.0
2026-01-04,完全防音室 費用,jpn,0,1,0.0%,93.0
2026-01-04,日本の防音市場,jpn,0,1,0.0%,38.0
2026-01-04,賃貸 防音 diy,jpn,0,1,0.0%,50.0
2026-01-04,賃貸 防音 diy,usa,0,1,0.0%,41.0
2026-01-04,配信 防音 自作,jpn,0,1,0.0%,20.0
2026-01-04,配信者 防音室,jpn,0,1,0.0%,23.0
2026-01-04,配信者向け賃貸,jpn,0,1,0.0%,30.0
2026-01-04,配信部屋 防音,jpn,0,1,0.0%,39.0
2026-01-04,防音 リフォーム 補助金,jpn,0,1,0.0%,41.0
2026-01-04,防音 室 構造,jpn,0,1,0.0%,74.0
2026-01-04,防音 賃貸 大阪,jpn,0,1,0.0%,44.0
2026-01-04,防音室 おすすめ 配信,jpn,0,1,0.0%,31.0
2026-01-04,防音室 ギター,jpn,0,1,0.0%,49.0
2026-01-04,防音室 ドラム,jpn,0,1,0.0%,69.0
2026-01-04,防音室 マンション 設置,jpn,0,1,0.0%,76.0
2026-01-04,防音室 何畳必要,usa,0,1,0.0%,10.0
2026-01-04,防音室 値段,jpn,0,1,0.0%,62.0
2026-01-04,防音室 構造,jpn,0,1,0.0%,72.0
2026-01-04,防音室 湿度,jpn,0,1,0.0%,10.0
2026-01-04,防音室 設置 許可,jpn,0,1,0.0%,20.0
2026-01-04,防音室 許可,jpn,0,1,0.0%,25.0
2026-01-04,防音室 賃貸 許可,jpn,0,1,0.0%,17.0
2026-01-04,防音室 配信者,jpn,0,1,0.0%,23.0
2026-01-04,飛行機 騒音 補助金,jpn,0,1,0.0%,1.0
2026-01-05,how to measure rt60 reverberation time in practice diy methods,usa,0,1,0.0%,18.0
2026-01-05,how to measure rt60 reverberation time in practice practical methods,usa,0,1,0.0%,20.0
2026-01-05,japan sound masking system market,ind,0,1,0.0%,50.0
2026-01-05,soundproofing room hourly rates,gbr,0,1,0.0%,20.0
2026-01-05,soundproofing technology,sgp,0,1,0.0%,40.0
2026-01-05,vtuber 防音室,jpn,0,1,0.0%,35.0
2026-01-05,vtuber 防音対策,jpn,0,1,0.0%,17.0
2026-01-05,マンション 防音室 許可,jpn,0,1,0.0%,26.0
2026-01-05,ワンルーム 防音対策,jpn,0,1,0.0%,17.0
2026-01-05,吸音と遮音,usa,0,1,0.0%,43.0
2026-01-05,賃貸 防音室 許可,jpn,0,1,0.0%,15.0
2026-01-05,配信 防音 自作,jpn,0,1,0.0%,24.0
2026-01-05,配信 防音室,jpn,0,1,0.0%,29.0
2026-01-05,配信環境 防音,jpn,0,1,0.0%,33.0
2026-01-05,配信者 吸音材,jpn,0,1,0.0%,39.0
2026-01-05,配信者 部屋 防音,jpn,0,1,0.0%,30.0
2026-01-05,配信部屋 防音,jpn,0,1,0.0%,40.0
2026-01-05,防音室,jpn,0,1,0.0%,91.0
2026-01-05,防音室 100万,jpn,0,1,0.0%,14.0
2026-01-05,防音室 おすすめ 配信,jpn,0,1,0.0%,27.0
2026-01-05,防音室 二畳,usa,0,1,0.0%,31.0
2026-01-05,防音室 価格,jpn,0,1,0.0%,48.0
2026-01-05,防音室 加湿器,jpn,0,1,0.0%,3.0
2026-01-05,防音室 加湿器,usa,0,1,0.0%,36.0
2026-01-05,防音室 暑い,jpn,0,1,0.0%,26.0
2026-01-05,防音室 湿度,jpn,0,1,0.0%,10.0
2026-01-05,防音室 設置 許可,jpn,0,1,0.0%,14.0
2026-01-05,防音室 許可,jpn,0,1,0.0%,24.0
2026-01-05,防音室 賃貸,jpn,0,1,0.0%,27.0
2026-01-05,防音室 賃貸 許可,jpn,0,1,0.0%,18.0
2026-01-05,防音室 配信,jpn,0,1,0.0%,30.0
2026-01-05,防音室 配信者,jpn,0,1,0.0%,24.0
2026-01-05,防音室値段,usa,0,1,0.0%,45.0
2026-01-05,防音工事 補助金,jpn,0,1,0.0%,1.0
2026-01-06,1.5畳 防音室,jpn,0,1,0.0%,39.0
2026-01-06,building code updates japan,usa,0,1,0.0%,8.0
2026-01-06,how to measure rt60 reverberation time in practice step by step,usa,0,1,0.0%,20.0
2026-01-06,japan building code update today,usa,0,1,0.0%,7.0
2026-01-06,soundproofing room hourly rates,gbr,0,1,0.0%,14.0
2026-01-06,soundproofing technology,sgp,0,1,0.0%,41.0
2026-01-06,soundproofing technology news,usa,0,1,0.0%,12.0
2026-01-06,vtuber 防音室,jpn,0,1,0.0%,34.0
2026-01-06,vtuber 防音対策,jpn,0,1,0.0%,17.0
2026-01-06,アルトサックス アパート,jpn,0,1,0.0%,7.0
2026-01-06,マンション 防音室 許可,jpn,0,1,0.0%,31.0
2026-01-06,ワンタッチ 防音 壁 賃貸,jpn,0,1,0.0%,36.0
2026-01-06,ワンタッチ防音壁 2ch,pry,0,1,0.0%,45.0
2026-01-06,ワンタッチ防音壁 自作,ecu,0,1,0.0%,28.0
2026-01-06,一人暮らし 配信 防音,jpn,0,1,0.0%,9.0
2026-01-06,一戸建て 騒音 苦情,jpn,0,1,0.0%,55.0
2026-01-06,日本の防音市場,jpn,0,1,0.0%,32.0
2026-01-06,賃貸 壁 防音 diy,usa,0,1,0.0%,30.0
2026-01-06,賃貸 防音室 許可,jpn,0,1,0.0%,12.0
2026-01-06,配信 防音 自作,jpn,0,1,0.0%,17.0
2026-01-06,配信 防音室,jpn,0,1,0.0%,35.0
2026-01-06,配信環境 防音,jpn,0,1,0.0%,35.0
2026-01-06,配信者 吸音材,jpn,0,1,0.0%,34.0
2026-01-06,配信者 部屋 防音,jpn,0,1,0.0%,28.0
2026-01-06,配信者 防音室,jpn,0,1,0.0%,25.0
2026-01-06,配信部屋 防音,jpn,0,1,0.0%,39.0
2026-01-06,防音 室,jpn,0,1,0.0%,72.0
2026-01-06,防音 室 値段,jpn,0,1,0.0%,64.0
2026-01-06,防音 補助金,jpn,0,1,0.0%,1.0
2026-01-06,防音室,jpn,0,1,0.0%,73.0
2026-01-06,防音室 vtuber,jpn,0,1,0.0%,37.0
2026-01-06,防音室 おすすめ 配信,jpn,0,1,0.0%,28.0
2026-01-06,防音室 ハウスメーカー おすすめ,jpn,0,1,0.0%,25.0
2026-01-06,防音室 仕組み,jpn,0,1,0.0%,33.0
2026-01-06,防音室 値段,jpn,0,1,0.0%,32.0
2026-01-06,防音室 加湿器,jpn,0,1,0.0%,3.0
2026-01-06,防音室 湿度,jpn,0,1,0.0%,9.0
2026-01-06,防音室 設置 許可,jpn,0,1,0.0%,14.0
2026-01-06,防音室 許可,jpn,0,1,0.0%,23.0
2026-01-06,防音室 賃貸 設置,jpn,0,1,0.0%,71.0
2026-01-06,防音室 賃貸 許可,jpn,0,1,0.0%,15.0
2026-01-06,防音室 配信,jpn,0,1,0.0%,30.0
2026-01-06,防音室 配信者,jpn,0,1,0.0%,23.0
2026-01-07,how to measure rt60 reverberation time in practice step by step,grd,0,1,0.0%,20.0
2026-01-07,how to measure rt60 reverberation time in practice step by step,usa,0,1,0.0%,20.0
2026-01-07,japan building code news,usa,0,1,0.0%,3.0
2026-01-07,japan building code updates today,usa,0,1,0.0%,4.0
2026-01-07,soundproofing room hourly rates,gbr,0,1,0.0%,18.0
2026-01-07,vtuber 防音対策,jpn,0,1,0.0%,15.0
2026-01-07,youtuber 賃貸 防音,jpn,0,1,0.0%,36.0
2026-01-07,アルトサックス アパート,jpn,0,1,0.0%,9.0
2026-01-07,キーボードの音をなくす方法,jpn,0,1,0.0%,1.0
2026-01-07,サービスオフィス 防音,jpn,0,1,0.0%,85.0
2026-01-07,マイクの反響を減らす方法,jpn,0,1,0.0%,35.0
2026-01-07,マンション 防音室 許可,jpn,0,1,0.0%,32.0
2026-01-07,ワンルーム 防音対策,jpn,0,1,0.0%,18.0
2026-01-07,受忍限度 騒音,jpn,0,1,0.0%,81.0
2026-01-07,大阪 賃貸 防音室,jpn,0,1,0.0%,45.0
2026-01-07,賃貸 防音室 許可,jpn,0,1,0.0%,14.0
2026-01-07,配信 防音 自作,jpn,0,1,0.0%,18.0
2026-01-07,配信 防音室,jpn,0,1,0.0%,34.0
2026-01-07,配信環境 防音,jpn,0,1,0.0%,33.0
2026-01-07,配信者 吸音材,jpn,0,1,0.0%,32.0
2026-01-07,配信者 部屋 防音,jpn,0,1,0.0%,29.0
2026-01-07,配信者 防音,jpn,0,1,0.0%,38.0
2026-01-07,配信者 防音室,jpn,0,1,0.0%,24.0
2026-01-07,配信部屋 防音,jpn,0,1,0.0%,39.0
2026-01-07,防音室,jpn,0,1,0.0%,73.0
2026-01-07,防音室 vtuber,jpn,0,1,0.0%,38.0
2026-01-07,防音室 おすすめ 配信,jpn,0,1,0.0%,25.0
2026-01-07,防音室 ハウスメーカー おすすめ,jpn,0,1,0.0%,26.0
2026-01-07,防音室 仕組み,jpn,0,1,0.0%,32.0
2026-01-07,防音室 値段,jpn,0,1,0.0%,63.0
2026-01-07,防音室 加湿器,jpn,0,1,0.0%,3.0
2026-01-07,防音室 湿度,jpn,0,1,0.0%,8.0
2026-01-07,防音室 設置 許可,jpn,0,1,0.0%,14.0
2026-01-07,防音室 許可,jpn,0,1,0.0%,19.0
2026-01-07,防音室 賃貸 許可,jpn,0,1,0.0%,14.0
2026-01-07,防音室 配信,jpn,0,1,0.0%,34.0
2026-01-07,防音室 配信者,jpn,0,1,0.0%,23.0
2026-01-07,防音工事 補助金,jpn,0,1,0.0%,1.0
2026-01-08,building code japan update today,usa,0,1,0.0%,10.0
2026-01-08,how to measure rt60 in practice,bhs,0,1,0.0%,20.0
2026-01-08,how to measure rt60 in practice room acoustics,tto,0,1,0.0%,20.0
2026-01-08,how to measure rt60 reverberation time in practice room eq wizard,tto,0,1,0.0%,20.0
2026-01-08,how to measure rt60 reverberation time in practice step by step,gbr,0,1,0.0%,20.0
2026-01-08,how to measure rt60 reverberation time in practice step by step,tca,0,1,0.0%,20.0
2026-01-08,how to measure rt60 reverberation time practical guide,gbr,0,1,0.0%,18.0
2026-01-08,japan sound masking system market,usa,0,1,0.0%,42.0
2026-01-08,otodasu 賃貸 許可,jpn,0,1,0.0%,35.0
2026-01-08,sleeping with noise canceling headphones,deu,0,1,0.0%,52.0
2026-01-08,soundproofing technology,sgp,0,1,0.0%,39.0
2026-01-08,soundproofing technology,usa,0,1,0.0%,47.0
2026-01-08,vtuber 賃貸,jpn,0,1,0.0%,28.0
2026-01-08,vtuber 防音室,jpn,0,1,0.0%,39.0
2026-01-08,vtuber 防音対策,jpn,0,1,0.0%,15.0
2026-01-08,アース 線 ノイズ 対策,jpn,0,1,0.0%,62.0
2026-01-08,クローゼット 配信部屋,jpn,0,1,0.0%,10.0
2026-01-08,クローゼット 防音室,jpn,0,1,0.0%,26.0
2026-01-08,グランド ループ ノイズ 対策,jpn,0,1,0.0%,48.0
2026-01-08,ノイズ 対策 アース,jpn,0,1,0.0%,72.0
2026-01-08,ノイズキャンセリングイヤホン,jpn,0,1,0.0%,2.0
2026-01-08,マイクの反響を減らす方法,jpn,0,1,0.0%,31.0
2026-01-08,マンション 防音室 許可,jpn,0,1,0.0%,23.0
2026-01-08,ワンタッチ 防音 壁 賃貸,jpn,0,1,0.0%,33.0
2026-01-08,ワンルーム 防音対策,jpn,0,1,0.0%,18.0
2026-01-08,一人暮らし 配信 防音,jpn,0,1,0.0%,9.0
2026-01-08,伊丹 空港 騒音 補助金 いくら,jpn,0,1,0.0%,8.0
2026-01-08,接地 ノイズ 対策,jpn,0,1,0.0%,76.0
2026-01-08,日本の防音市場,jpn,0,1,0.0%,32.0
2026-01-08,簡易防音室 効果,jpn,0,1,0.0%,19.0
2026-01-08,自衛隊 騒音 補助金,jpn,0,1,0.0%,1.0
2026-01-08,賃貸 防音室 許可,jpn,0,1,0.0%,12.0
2026-01-08,賃貸 防音室 許可 なぜ,jpn,0,1,0.0%,35.0
2026-01-08,配信 部屋,jpn,0,1,0.0%,62.0
2026-01-08,配信 防音室,jpn,0,1,0.0%,32.0
2026-01-08,配信環境 防音,jpn,0,1,0.0%,28.0
2026-01-08,配信者 吸音材,jpn,0,1,0.0%,33.0
2026-01-08,配信者 部屋 防音,jpn,0,1,0.0%,38.0
2026-01-08,配信者 防音,jpn,0,1,0.0%,38.0
2026-01-08,配信者 防音室,jpn,0,1,0.0%,22.0
2026-01-08,配信部屋 防音,jpn,0,1,0.0%,39.0
2026-01-08,防音 リフォーム 補助金,jpn,0,1,0.0%,49.0
2026-01-08,防音室,jpn,0,1,0.0%,90.0
2026-01-08,防音室 diy 費用,syr,0,1,0.0%,2.0
2026-01-08,防音室 diy 費用,tjk,0,1,0.0%,2.0
2026-01-08,防音室 おすすめ 配信,jpn,0,1,0.0%,25.0
2026-01-08,防音室 ユニット,jpn,0,1,0.0%,9.0
2026-01-08,防音室 仕組み,jpn,0,1,0.0%,32.0
2026-01-08,防音室 値段,jpn,0,1,0.0%,19.0
2026-01-08,防音室 湿度,jpn,0,1,0.0%,9.0
2026-01-08,防音室 自作,jpn,0,1,0.0%,15.0
2026-01-08,防音室 設置 許可,jpn,0,1,0.0%,14.0
2026-01-08,防音室 許可,jpn,0,1,0.0%,20.0
2026-01-08,防音室 配信,jpn,0,1,0.0%,30.0
2026-01-08,防音室 配信者,jpn,0,1,0.0%,23.0
2026-01-08,防音工事 補助金,jpn,0,1,0.0%,1.0
2026-01-09,how much would it cost to soundproof a room,usa,0,1,0.0%,59.0
2026-01-09,how to measure rt60 room eq wizard practical guide,usa,0,1,0.0%,19.0
2026-01-09,japan building code news,usa,0,1,0.0%,3.0
2026-01-09,new soundproofing technology,usa,0,1,0.0%,11.0
2026-01-09,pa ノイズ 対策,jpn,0,1,0.0%,97.0
2026-01-09,sleeping with noise canceling headphones,deu,0,1,0.0%,49.0
2026-01-09,soundproofing room hourly rates,gbr,0,1,0.0%,17.0
2026-01-09,strategic placement,aut,0,1,0.0%,6.0
2026-01-09,vtuber 防音室,jpn,0,1,0.0%,38.0
2026-01-09,vtuber 防音対策,jpn,0,1,0.0%,14.0
2026-01-09,アース ノイズ 対策,jpn,0,1,0.0%,65.0
2026-01-09,アース ライン ノイズ 対策,jpn,0,1,0.0%,82.0
2026-01-09,アース 線 ノイズ 対策,jpn,0,1,0.0%,61.0
2026-01-09,キーボードの音をなくす方法,jpn,0,1,0.0%,1.0
2026-01-09,グランド ループ ノイズ 対策,jpn,0,1,0.0%,49.0
2026-01-09,グランド ループ 対策,jpn,0,1,0.0%,33.0
2026-01-09,サックス アパート,jpn,0,1,0.0%,11.0
2026-01-09,ノイズ アース,jpn,0,1,0.0%,93.0
2026-01-09,ノイズ アース 対策,jpn,0,1,0.0%,70.0
2026-01-09,ノイズ アース 線,jpn,0,1,0.0%,64.0
2026-01-09,ノイズ 対策 アース,jpn,0,1,0.0%,73.0
2026-01-09,マンション 防音室 許可,jpn,0,1,0.0%,23.0
2026-01-09,ユニット型防音室,jpn,0,1,0.0%,18.0
2026-01-09,一人暮らし 防音 東京,jpn,0,1,0.0%,27.0
2026-01-09,一戸建て 騒音苦情,jpn,0,1,0.0%,44.0
2026-01-09,吸音材 遮音材 組み合わせ,jpn,0,1,0.0%,68.0
2026-01-09,接地 ノイズ 対策,jpn,0,1,0.0%,76.0
2026-01-09,配信 防音 自作,jpn,0,1,0.0%,16.0
2026-01-09,配信 防音室,jpn,0,1,0.0%,28.0
2026-01-09,配信環境 防音,jpn,0,1,0.0%,29.0
2026-01-09,配信者 吸音材,jpn,0,1,0.0%,33.0
2026-01-09,配信者 部屋 防音,jpn,0,1,0.0%,27.0
2026-01-09,配信者 防音,jpn,0,1,0.0%,39.0
2026-01-09,配信者 防音室,jpn,0,1,0.0%,25.0
2026-01-09,配信部屋,jpn,0,1,0.0%,40.0
2026-01-09,防音ルーム,jpn,0,1,0.0%,82.0
2026-01-09,防音室,jpn,0,1,0.0%,82.0
2026-01-09,防音室 おすすめ 配信,jpn,0,1,0.0%,26.0
2026-01-09,防音室 ハウスメーカー おすすめ,jpn,0,1,0.0%,23.0
2026-01-09,防音室 仕組み,jpn,0,1,0.0%,20.0
2026-01-09,防音室 暑い,jpn,0,1,0.0%,24.0
2026-01-09,防音室 湿度,jpn,0,1,0.0%,8.0
2026-01-09,防音室 設置 許可,jpn,0,1,0.0%,20.0
2026-01-09,防音室 許可,jpn,0,1,0.0%,18.0
2026-01-09,防音室 賃貸 diy,jpn,0,1,0.0%,21.0
2026-01-09,防音室 配信,jpn,0,1,0.0%,29.0
2026-01-09,防音室 配信者,jpn,0,1,0.0%,24.0
2026-01-09,防音賃貸 大阪,jpn,0,1,0.0%,48.0
2026-01-10,how to measure rt60 in practice room eq wizard tutorial,usa,0,1,0.0%,20.0
2026-01-10,how to measure rt60 reverberation time practically room eq wizard,usa,0,1,0.0%,20.0
2026-01-10,japan building code news,usa,0,1,0.0%,3.0
2026-01-10,japan building code updates,usa,0,1,0.0%,8.0
2026-01-10,otodasu だんぼっち 比較,jpn,0,1,0.0%,61.0
2026-01-10,rt60 definition,jpn,0,1,0.0%,15.0
2026-01-10,soundproofing tech news,usa,0,1,0.0%,9.0
2026-01-10,streaming soundproofing,usa,0,1,0.0%,20.0
2026-01-10,vtuber 防音室,jpn,0,1,0.0%,40.0
2026-01-10,vtuber 防音対策,jpn,0,1,0.0%,20.0
2026-01-10,what is a sound room,usa,0,1,0.0%,40.0
2026-01-10,アース ノイズ 対策,jpn,0,1,0.0%,75.0
2026-01-10,アース 線 ノイズ 対策,jpn,0,1,0.0%,68.0
2026-01-10,クローゼット 配信部屋,jpn,0,1,0.0%,10.0
2026-01-10,グランド ループ ノイズ 対策,jpn,0,1,0.0%,52.0
2026-01-10,グランド ループ 対策,jpn,0,1,0.0%,42.0
2026-01-10,ゲーム実況 防音,jpn,0,1,0.0%,69.0
2026-01-10,ノイズ アース,jpn,0,1,0.0%,95.0
2026-01-10,ノイズ アース 対策,jpn,0,1,0.0%,87.0
2026-01-10,ノイズ アース 線,jpn,0,1,0.0%,62.0
2026-01-10,ノイズ 対策 アース,jpn,0,1,0.0%,75.0
2026-01-10,マイクの反響を減らす方法,jpn,0,1,0.0%,33.0
2026-01-10,マンション 防音室 許可,jpn,0,1,0.0%,32.0
2026-01-10,京都 防音室 賃貸,jpn,0,1,0.0%,35.0
2026-01-10,接地 ノイズ 対策,jpn,0,1,0.0%,93.0
2026-01-10,簡易防音室 自作,jpn,0,1,0.0%,18.0
2026-01-10,賃貸 防音室 許可,jpn,0,1,0.0%,15.0
2026-01-10,配信 防音 自作,jpn,0,1,0.0%,19.0
2026-01-10,配信環境 防音,jpn,0,1,0.0%,33.0
2026-01-10,配信者 一人暮らし,vnm,0,1,0.0%,91.0
2026-01-10,配信者 賃貸 探し方,ven,0,1,0.0%,27.0
2026-01-10,配信者 賃貸 防音,bra,0,1,0.0%,22.0
2026-01-10,配信部屋 賃貸,jpn,0,1,0.0%,35.0
2026-01-10,防音壁 工事,jpn,0,1,0.0%,86.0
2026-01-10,防音室,jpn,0,1,0.0%,80.0
2026-01-10,防音室 いくら,jpn,0,1,0.0%,85.0
2026-01-10,防音室 エアコン,jpn,0,1,0.0%,118.0
2026-01-10,防音室 仕組み,jpn,0,1,0.0%,32.0
2026-01-10,防音室 性能,jpn,0,1,0.0%,82.0
2026-01-10,防音室 組み立て式,jpn,0,1,0.0%,23.0
2026-01-10,防音室 設置 許可,jpn,0,1,0.0%,25.0
2026-01-10,防音室 許可,jpn,0,1,0.0%,24.0
2026-01-10,防音室 賃貸 許可,jpn,0,1,0.0%,17.0
2026-01-11,bouon,aus,0,1,0.0%,8.0
2026-01-11,building code japan update today,usa,0,1,0.0%,10.0
2026-01-11,cost of soundproofing a room,usa,0,1,0.0%,60.0
2026-01-11,d値とは,jpn,0,1,0.0%,92.0
2026-01-11,how to measure rt60 in practice room eq wizard tutorial,gbr,0,1,0.0%,16.0
2026-01-11,musision,jpn,0,1,0.0%,30.0
2026-01-11,soundproofing room hourly rates,gbr,0,1,0.0%,24.0
2026-01-11,vtuber 防音対策,jpn,0,1,0.0%,21.0
2026-01-11,アルトサックス アパート,jpn,0,1,0.0%,9.0
2026-01-11,アルトサックス マンション,jpn,0,1,0.0%,28.0
2026-01-11,アルトサックス 物件,jpn,0,1,0.0%,75.0
2026-01-11,アルトサックス 賃貸,jpn,0,1,0.0%,46.0
2026-01-11,アルトサックス 防音対策,jpn,0,1,0.0%,71.0
2026-01-11,アース ノイズ 対策,jpn,0,1,0.0%,76.0
2026-01-11,アース 線 ノイズ 対策,jpn,0,1,0.0%,67.0
2026-01-11,クローゼット 防音室 賃貸,jpn,0,1,0.0%,9.0
2026-01-11,グランド ループ ノイズ 対策,jpn,0,1,0.0%,56.0
2026-01-11,グランド ループ 対策,jpn,0,1,0.0%,43.0
2026-01-11,サックス アパート,jpn,0,1,0.0%,14.0
2026-01-11,サックス 賃貸,jpn,0,1,0.0%,24.0
2026-01-11,サックス 防音室,jpn,0,1,0.0%,58.0
2026-01-11,サックス 防音対策,jpn,0,1,0.0%,26.0
2026-01-11,テレワーク 家族 うるさい,jpn,0,1,0.0%,1.0
2026-01-11,ノイズ アース 対策,jpn,0,1,0.0%,78.0
2026-01-11,ノイズ アース 線,jpn,0,1,0.0%,78.0
2026-01-11,ノイズ 対策 アース,jpn,0,1,0.0%,85.0
2026-01-11,マンション 防音室 許可,jpn,0,1,0.0%,33.0
2026-01-11,ユニット式防音室,jpn,0,1,0.0%,63.0
2026-01-11,一人暮らし 配信 防音,jpn,0,1,0.0%,11.0
2026-01-11,伊丹 空港 騒音 補助金 いくら,jpn,0,1,0.0%,12.0
2026-01-11,接地 ノイズ 対策,jpn,0,1,0.0%,88.0
2026-01-11,日本の防音市場,jpn,0,1,0.0%,34.0
2026-01-11,親フラ 対策,jpn,0,1,0.0%,8.0
2026-01-11,賃貸 防音室 許可,jpn,0,1,0.0%,15.0
2026-01-11,配信 防音対策,jpn,0,1,0.0%,58.0
2026-01-11,配信部屋 レイアウト,jpn,0,1,0.0%,25.0
2026-01-11,防音 リフォーム 補助金,jpn,0,1,0.0%,53.0
2026-01-11,防音 壁 工事,jpn,0,1,0.0%,94.0
2026-01-11,防音 室,jpn,0,1,0.0%,79.0
2026-01-11,防音 室 ドラム,jpn,0,1,0.0%,76.0
2026-01-11,防音 室 値段,jpn,0,1,0.0%,70.0
2026-01-11,防音 室 構造,jpn,0,1,0.0%,76.0
2026-01-11,防音室 エアコン,jpn,0,1,0.0%,67.0
2026-01-11,防音室 クローゼット,jpn,0,1,0.0%,45.0
2026-01-11,防音室 サックス,jpn,0,1,0.0%,83.0
2026-01-11,防音室 ドラム,jpn,0,1,0.0%,64.0
2026-01-11,防音室 ハウスメーカー おすすめ,jpn,0,1,0.0%,24.0
2026-01-11,防音室 マンション 設置,jpn,0,1,0.0%,80.0
2026-01-11,防音室 仕組み,jpn,0,1,0.0%,38.0
2026-01-11,防音室 加湿器,jpn,0,1,0.0%,3.0
2026-01-11,防音室 構造,jpn,0,1,0.0%,73.0
2026-01-11,防音室 湿度,jpn,0,1,0.0%,14.0
2026-01-11,防音室 自作 クローゼット,jpn,0,1,0.0%,17.0
2026-01-11,防音室 設置 許可,jpn,0,1,0.0%,21.0
2026-01-11,防音室 許可,jpn,0,1,0.0%,24.0
2026-01-11,防音室 賃貸 許可,jpn,0,1,0.0%,16.0
2026-01-11,防音室レンタル 月額,jpn,0,1,0.0%,36.0
2026-01-11,防音工事補助金,jpn,0,1,0.0%,89.0
2026-01-11,音楽教室 防音室,jpn,0,1,0.0%,65.0
2026-01-12,0.8畳 防音室,jpn,0,1,0.0%,14.0
2026-01-12,1k 防音対策,jpn,0,1,0.0%,52.0
2026-01-12,price of soundproofing a room,usa,0,1,0.0%,100.0
2026-01-12,soundproof room,hkg,0,1,0.0%,44.0
2026-01-12,soundproofing room hourly rates,gbr,0,1,0.0%,27.0
2026-01-12,アルトサックス アパート,jpn,0,1,0.0%,8.0
2026-01-12,アース ノイズ 対策,jpn,0,1,0.0%,77.0
2026-01-12,アース 線 ノイズ 対策,jpn,0,1,0.0%,70.0
2026-01-12,クローゼット 防音,jpn,0,1,0.0%,22.0
2026-01-12,グラウンドループ,jpn,0,1,0.0%,78.0
2026-01-12,グランド ループ ノイズ 対策,jpn,0,1,0.0%,57.0
2026-01-12,グランド ループ 対策,jpn,0,1,0.0%,45.0
2026-01-12,サックス アパート,jpn,0,1,0.0%,13.0
2026-01-12,テレワーク 家族 うるさい,jpn,0,1,0.0%,61.0
2026-01-12,ノイズ アース 対策,jpn,0,1,0.0%,92.0
2026-01-12,ノイズ アース 線,jpn,0,1,0.0%,83.0
2026-01-12,ノイズ 対策 アース,jpn,0,1,0.0%,87.0
2026-01-12,マイクの反響を減らす方法,jpn,0,1,0.0%,35.0
2026-01-12,ワンルーム 防音対策,jpn,0,1,0.0%,20.0
2026-01-12,一人暮らし 配信 防音,jpn,0,1,0.0%,11.0
2026-01-12,伊丹 空港 騒音 補助金 いくら,jpn,0,1,0.0%,10.0
2026-01-12,吸音 遮音 違い,jpn,0,1,0.0%,78.0
2026-01-12,大阪 賃貸 防音,jpn,0,1,0.0%,58.0
2026-01-12,大阪 防音,jpn,0,1,0.0%,61.0
2026-01-12,大阪 防音 賃貸,jpn,0,1,0.0%,56.0
2026-01-12,接地 ノイズ 対策,jpn,0,1,0.0%,86.0
2026-01-12,親フラ対策,jpn,0,1,0.0%,10.0
2026-01-12,賃貸 防音室 許可,jpn,0,1,0.0%,15.0
2026-01-12,配信環境 防音,jpn,0,1,0.0%,35.0
2026-01-12,配信者向け賃貸,jpn,0,1,0.0%,43.0
2026-01-12,防音 壁 工事,jpn,0,1,0.0%,87.0
2026-01-12,防音 賃貸 大阪,jpn,0,1,0.0%,57.0
2026-01-12,防音室 値段 6畳,jpn,0,1,0.0%,88.0
2026-01-12,防音室 湿度,jpn,0,1,0.0%,11.0
2026-01-12,防音室 設置 許可,jpn,0,1,0.0%,21.0
2026-01-12,防音室 賃貸 許可,jpn,0,1,0.0%,17.0
2026-01-12,防音室 配信者,jpn,0,1,0.0%,40.0
2026-01-12,防音工事 補助金,jpn,0,1,0.0%,1.0
2026-01-12,音 ラボ,jpn,0,1,0.0%,94.0
2026-01-13,japan building code news,usa,0,1,0.0%,2.0
2026-01-13,soundproofing room hourly rates,gbr,0,1,0.0%,30.0
2026-01-13,アース ノイズ 対策,jpn,0,1,0.0%,79.0
2026-01-13,アース 線 ノイズ 対策,jpn,0,1,0.0%,71.0
2026-01-13,クローゼット防音室,jpn,0,1,0.0%,17.0
2026-01-13,グランド ループ ノイズ 対策,jpn,0,1,0.0%,57.0
2026-01-13,グランド ループ 対策,jpn,0,1,0.0%,60.0
2026-01-13,グランドピアノ 防音室 費用,jpn,0,1,0.0%,107.0
2026-01-13,サービスオフィス 防音,jpn,0,1,0.0%,92.0
2026-01-13,ノイズ アース 対策,jpn,0,1,0.0%,82.0
2026-01-13,ノイズ 対策 アース,jpn,0,1,0.0%,86.0
2026-01-13,マイクの反響を減らす方法,jpn,0,1,0.0%,35.0
2026-01-13,マンション 防音室 許可,jpn,0,1,0.0%,28.0
2026-01-13,京都府 防音 賃貸,jpn,0,1,0.0%,61.0
2026-01-13,接地 ノイズ 対策,jpn,0,1,0.0%,89.0
2026-01-13,日本の防音市場,jpn,0,1,0.0%,33.0
2026-01-13,簡易 防音室 自作,jpn,0,1,0.0%,18.0
2026-01-13,組み立て式 防音室,jpn,0,1,0.0%,14.0
2026-01-13,自衛隊 騒音 補助金,jpn,0,1,0.0%,1.0
2026-01-13,賃貸 防音室 許可,jpn,0,1,0.0%,14.0
2026-01-13,配信環境 防音,jpn,0,1,0.0%,38.0
2026-01-13,防音 ガラス 補助金,jpn,0,1,0.0%,1.0
2026-01-13,防音 室,jpn,0,1,0.0%,80.0
2026-01-13,防音 室 値段,jpn,0,1,0.0%,72.0
2026-01-13,防音 補助金,jpn,0,1,0.0%,1.0
2026-01-13,防音室,jpn,0,1,0.0%,88.0
2026-01-13,防音室 ハウスメーカー おすすめ,jpn,0,1,0.0%,25.0
2026-01-13,防音室 仕組み,jpn,0,1,0.0%,39.0
2026-01-13,防音室 作り方,jpn,0,1,0.0%,3.0
2026-01-13,防音室 自作,jpn,0,1,0.0%,13.0
2026-01-13,防音室 設置 許可,jpn,0,1,0.0%,19.0
2026-01-13,防音室 賃貸 許可,jpn,0,1,0.0%,17.0
2026-01-13,防音室 配信者,jpn,0,1,0.0%,38.0
2026-01-13,防音工事 補助金,jpn,0,1,0.0%,1.0
2026-01-13,防音工事補助金,jpn,0,1,0.0%,1.0
2026-01-14,how much does it cost to soundproof a room,usa,0,1,0.0%,56.0
2026-01-14,soundproof a room cost,usa,0,1,0.0%,93.0
2026-01-14,vtuber 防音室,jpn,0,1,0.0%,37.0
2026-01-14,vtuber 防音対策,jpn,0,1,0.0%,27.0
2026-01-14,アルトサックス アパート,jpn,0,1,0.0%,7.0
2026-01-14,エアコン 防音室,jpn,0,1,0.0%,76.0
2026-01-14,サックス アパート,jpn,0,1,0.0%,18.0
2026-01-14,ノイズ アース 線,jpn,0,1,0.0%,83.0
2026-01-14,ピアノ 防音パネル 意味ない,jpn,0,1,0.0%,84.0
2026-01-14,マンション 防音室 許可,jpn,0,1,0.0%,29.0
2026-01-14,接地 ノイズ 対策,jpn,0,1,0.0%,79.0
2026-01-14,賃貸 防音室 許可,jpn,0,1,0.0%,14.0
2026-01-14,配信環境 防音,jpn,0,1,0.0%,39.0
2026-01-14,防音室 おすすめ 配信,jpn,0,1,0.0%,37.0
2026-01-14,防音室 仕組み,jpn,0,1,0.0%,34.0
2026-01-14,防音室 湿度,jpn,0,1,0.0%,14.0
2026-01-14,防音室 設置 許可,jpn,0,1,0.0%,21.0
2026-01-14,防音室 賃貸 許可,jpn,0,1,0.0%,17.0
2026-01-14,防音工事 補助金,jpn,0,1,0.0%,1.0
2026-01-15,japan sound masking system market,usa,0,1,0.0%,85.0
2026-01-15,vtuber 防音対策,jpn,0,1,0.0%,22.0
2026-01-15,アース 線 ノイズ 対策,jpn,0,1,0.0%,69.0
2026-01-15,アースループ,jpn,0,1,0.0%,69.0
2026-01-15,アースループ 対策,jpn,0,1,0.0%,18.0
2026-01-15,キーボードの音をなくす方法,jpn,0,1,0.0%,1.0
2026-01-15,クローゼット 配信部屋,jpn,0,1,0.0%,11.0
2026-01-15,グランド ループ 対策,jpn,0,1,0.0%,51.0
2026-01-15,サックス 防音対策,jpn,0,1,0.0%,19.0
2026-01-15,ノイズ アース 対策,jpn,0,1,0.0%,83.0
2026-01-15,ノイズ 対策 アース,jpn,0,1,0.0%,86.0
2026-01-15,マンション 防音室 許可,jpn,0,1,0.0%,27.0
2026-01-15,一人暮らし 配信 防音,jpn,0,1,0.0%,12.0
2026-01-15,内見 音漏れ 確認,jpn,0,1,0.0%,94.0
2026-01-15,日本の防音市場,jpn,0,1,0.0%,33.0
2026-01-15,賃貸 防音室 許可,jpn,0,1,0.0%,17.0
2026-01-15,配信環境 防音,jpn,0,1,0.0%,38.0
2026-01-15,配信者向け賃貸,jpn,0,1,0.0%,45.0
2026-01-15,防音室 vtuber,jpn,0,1,0.0%,27.0
2026-01-15,防音室 湿度,jpn,0,1,0.0%,11.0
2026-01-15,防音室 組み立て式,jpn,0,1,0.0%,21.0
2026-01-15,防音室 設置 許可,jpn,0,1,0.0%,21.0
2026-01-15,防音室 許可,jpn,0,1,0.0%,25.0
2026-01-15,防音室 賃貸 許可,jpn,0,1,0.0%,17.0
2026-01-15,防音工事補助金,jpn,0,1,0.0%,1.0
2026-01-16,bouon,usa,0,1,0.0%,11.0
2026-01-16,building code japan update today,usa,0,1,0.0%,10.0
2026-01-16,japan building code updates today,usa,0,1,0.0%,6.0
2026-01-16,japan sound masking system market,usa,0,1,0.0%,80.0
2026-01-16,soundproofing room hourly rates,gbr,0,1,0.0%,30.0
2026-01-16,vtuber 防音室,jpn,0,1,0.0%,40.0
2026-01-16,vtuber 防音対策,jpn,0,1,0.0%,29.0
2026-01-16,アース ライン ノイズ 対策,jpn,0,1,0.0%,41.0
2026-01-16,アースループ,jpn,0,1,0.0%,46.0
2026-01-16,クローゼット 防音効果,jpn,0,1,0.0%,17.0
2026-01-16,マンション 防音室 許可,jpn,0,1,0.0%,28.0
2026-01-16,一人暮らし 配信 防音,jpn,0,1,0.0%,12.0
2026-01-16,失敗しない防音室のつくり方,jpn,0,1,0.0%,32.0
2026-01-16,要約して,jpn,0,1,0.0%,1.0
2026-01-16,親フラ対策,jpn,0,1,0.0%,7.0
2026-01-16,配信環境 防音,jpn,0,1,0.0%,37.0
2026-01-16,防音ラボ,jpn,0,1,0.0%,16.0
2026-01-16,防音室,jpn,0,1,0.0%,73.0
2026-01-16,防音室 仕組み,jpn,0,1,0.0%,40.0
2026-01-16,防音室 冷房,jpn,0,1,0.0%,34.0
2026-01-16,防音室 湿度,jpn,0,1,0.0%,16.0
2026-01-16,防音室 設置 許可,jpn,0,1,0.0%,19.0
2026-01-16,防音室 賃貸 許可,jpn,0,1,0.0%,16.0
2026-01-16,防音室 配信者,jpn,0,1,0.0%,39.0
2026-01-17,how to soundproof room cheap,usa,0,1,0.0%,86.0
2026-01-17,japan building code news,usa,0,1,0.0%,3.0
2026-01-17,japan sound masking system market,usa,0,1,0.0%,97.0
2026-01-17,livestream soundproof,usa,0,1,0.0%,19.0
2026-01-17,soundproofing room hourly rates,gbr,0,1,0.0%,29.0
2026-01-17,アース ノイズ 対策,jpn,0,1,0.0%,83.0
2026-01-17,アース ライン ノイズ 対策,jpn,0,1,0.0%,42.0
2026-01-17,グランド ループ ノイズ 対策,jpn,0,1,0.0%,56.0
2026-01-17,グランド ループ 対策,jpn,0,1,0.0%,59.0
2026-01-17,ゲーム配信 防音,jpn,0,1,0.0%,95.0
2026-01-17,ノイズ アース 対策,jpn,0,1,0.0%,37.0
2026-01-17,ノイズ アース 線,jpn,0,1,0.0%,47.0
2026-01-17,ノイズ 対策 アース,jpn,0,1,0.0%,88.0
2026-01-17,マンション 防音室 許可,jpn,0,1,0.0%,27.0
2026-01-17,一人暮らし 配信 防音,jpn,0,1,0.0%,12.0
2026-01-17,伊丹 空港 騒音 補助金 いくら,jpn,0,1,0.0%,12.0
2026-01-17,接地 ノイズ 対策,jpn,0,1,0.0%,88.0
2026-01-17,賃貸 防音室 許可,jpn,0,1,0.0%,16.0
2026-01-17,賃貸 防音室 許可 なぜ,jpn,0,1,0.0%,34.0
2026-01-17,配信環境 防音,jpn,0,1,0.0%,37.0
2026-01-17,配信者 部屋 防音,jpn,0,1,0.0%,39.0
2026-01-17,防音 室 値段,jpn,0,1,0.0%,86.0
2026-01-17,防音室 設置 許可,jpn,0,1,0.0%,20.0
2026-01-17,防音室 許可,jpn,0,1,0.0%,24.0
2026-01-18,building code japan update today,usa,0,1,0.0%,10.0
2026-01-18,d値とは,jpn,0,1,0.0%,90.0
2026-01-18,inexpensive ways to soundproof a room,ind,0,1,0.0%,88.0
2026-01-18,inexpensive ways to soundproof a room,rou,0,1,0.0%,87.0
2026-01-18,inexpensive ways to soundproof a room,usa,0,1,0.0%,89.0
2026-01-18,japan building code news,usa,0,1,0.0%,2.0
2026-01-18,japan sound masking system market,usa,0,1,0.0%,83.0
2026-01-18,livestream soundproof,usa,0,1,0.0%,19.0
2026-01-18,soundproofing room hourly rates,gbr,0,1,0.0%,25.0
2026-01-18,vtuber 防音対策,jpn,0,1,0.0%,28.0
2026-01-18,アース ノイズ 対策,jpn,0,1,0.0%,84.0
2026-01-18,アース ライン ノイズ 対策,jpn,0,1,0.0%,69.0
2026-01-18,アース 線 ノイズ 対策,jpn,0,1,0.0%,69.0
2026-01-18,クローゼット 防音室 賃貸,jpn,0,1,0.0%,9.0
2026-01-18,グランド ループ ノイズ 対策,jpn,0,1,0.0%,39.0
2026-01-18,グランド ループ 対策,jpn,0,1,0.0%,60.0
2026-01-18,サックス アパート,jpn,0,1,0.0%,18.0
2026-01-18,サックス 防音室,jpn,0,1,0.0%,46.0
2026-01-18,テレワーク 家族 うるさい,jpn,0,1,0.0%,64.0
2026-01-18,ノイズ アース,jpn,0,1,0.0%,63.0
2026-01-18,ノイズ アース 対策,jpn,0,1,0.0%,81.0
2026-01-18,ノイズ アース 線,jpn,0,1,0.0%,81.0
2026-01-18,ノイズ 対策 アース,jpn,0,1,0.0%,87.0
2026-01-18,マンション 防音室 許可,jpn,0,1,0.0%,26.0
2026-01-18,一人暮らし 配信 防音,jpn,0,1,0.0%,12.0
2026-01-18,失敗しない防音室のつくり方,jpn,0,1,0.0%,29.0
2026-01-18,接地 ノイズ 対策,jpn,0,1,0.0%,90.0
2026-01-18,日本の防音市場,jpn,0,1,0.0%,36.0
2026-01-18,木造アパート 音 気にならない,jpn,0,1,0.0%,50.0
2026-01-18,親フラ 対策,jpn,0,1,0.0%,10.0
2026-01-18,親フラ対策,jpn,0,1,0.0%,12.0
2026-01-18,賃貸 防音室 法律,jpn,0,1,0.0%,16.0
2026-01-18,賃貸 防音室 許可,jpn,0,1,0.0%,15.0
2026-01-18,配信環境 防音,jpn,0,1,0.0%,37.0
2026-01-18,防音 リフォーム 補助金,jpn,0,1,0.0%,89.0
2026-01-18,防音 壁 工事,jpn,0,1,0.0%,92.0
2026-01-18,防音 室 値段,jpn,0,1,0.0%,68.0
2026-01-18,防音 室 構造,jpn,0,1,0.0%,78.0
2026-01-18,防音カーテン 自作,jpn,0,1,0.0%,33.0
2026-01-18,防音室 クローゼット,jpn,0,1,0.0%,44.0
2026-01-18,防音室 サックス,jpn,0,1,0.0%,88.0
2026-01-18,防音室 ドラム,jpn,0,1,0.0%,84.0
2026-01-18,防音室 値段,jpn,0,1,0.0%,69.0
2026-01-18,防音室 加湿器,jpn,0,1,0.0%,2.0
2026-01-18,防音室 構造,jpn,0,1,0.0%,81.0
2026-01-18,防音室 湿度,jpn,0,1,0.0%,14.0
2026-01-18,防音室 設置 許可,jpn,0,1,0.0%,20.0
2026-01-18,防音室 許可,jpn,0,1,0.0%,30.0
2026-01-18,防音室 賃貸 許可,jpn,0,1,0.0%,18.0
2026-01-18,防音室値段,jpn,0,1,0.0%,68.0
2026-01-19,average cost to soundproof a room,gbr,0,1,0.0%,81.0
2026-01-19,bouon,fin,0,1,0.0%,4.0
2026-01-19,building code japan update today,usa,0,1,0.0%,10.0
2026-01-19,how much does it cost to build a soundproof room,gbr,0,1,0.0%,74.0
2026-01-19,how much does it cost to make a room soundproof,gbr,0,1,0.0%,80.0
2026-01-19,japan building code updates,usa,0,1,0.0%,8.0
2026-01-19,japan building code updates today,usa,0,1,0.0%,6.0
2026-01-19,soundproof room for rent,idn,0,1,0.0%,34.0
2026-01-19,soundproofing technology,gbr,0,1,0.0%,64.0
2026-01-19,vtuber 防音対策,jpn,0,1,0.0%,28.0
2026-01-19,アース ノイズ 対策,jpn,0,1,0.0%,79.0
2026-01-19,アース 線 ノイズ 対策,jpn,0,1,0.0%,71.0
2026-01-19,グランド ループ ノイズ 対策,jpn,0,1,0.0%,57.0
2026-01-19,グランド ループ 対策,jpn,0,1,0.0%,58.0
2026-01-19,テレワーク 家族 うるさい,jpn,0,1,0.0%,66.0
2026-01-19,ノイズ アース,jpn,0,1,0.0%,91.0
2026-01-19,ノイズ アース 対策,jpn,0,1,0.0%,33.0
2026-01-19,ノイズ アース 線,jpn,0,1,0.0%,86.0
2026-01-19,ノイズ 対策 アース,jpn,0,1,0.0%,82.0
2026-01-19,マンション 防音室 許可,jpn,0,1,0.0%,25.0
2026-01-19,一人暮らし 配信 防音,jpn,0,1,0.0%,12.0
2026-01-19,吸音材 効果,jpn,0,1,0.0%,89.0
2026-01-19,接地 ノイズ 対策,jpn,0,1,0.0%,89.0
2026-01-19,木造アパート 防音,jpn,0,1,0.0%,78.0
2026-01-19,賃貸 防音室 法律,jpn,0,1,0.0%,24.0
2026-01-19,配信環境 防音,jpn,0,1,0.0%,38.0
2026-01-19,防音室 自作 失敗,jpn,0,1,0.0%,16.0
2026-01-19,防音室 設置 許可,jpn,0,1,0.0%,23.0
2026-01-19,防音室 許可,jpn,0,1,0.0%,24.0
2026-01-19,防音室 賃貸 許可,jpn,0,1,0.0%,17.0
2026-01-19,防音室 配信者,jpn,0,1,0.0%,40.0
2026-01-20,0.8畳 防音室,jpn,0,1,0.0%,8.0
2026-01-20,building code japan updates today,usa,0,1,0.0%,5.0
2026-01-20,japan building code updates,usa,0,1,0.0%,9.0
2026-01-20,japan building code updates today,usa,0,1,0.0%,6.0
2026-01-20,what is a soundproof room,gbr,0,1,0.0%,84.0
2026-01-20,アース ノイズ 対策,jpn,0,1,0.0%,78.0
2026-01-20,アース ライン ノイズ 対策,jpn,0,1,0.0%,61.0
2026-01-20,アース 線 ノイズ 対策,jpn,0,1,0.0%,68.0
2026-01-20,グランド ループ ノイズ 対策,jpn,0,1,0.0%,37.0
2026-01-20,サックス アパート,jpn,0,1,0.0%,11.0
2026-01-20,ノイズ アース,jpn,0,1,0.0%,65.0
2026-01-20,ノイズ アース 対策,jpn,0,1,0.0%,33.0
2026-01-20,ノイズ アース 線,jpn,0,1,0.0%,51.0
2026-01-20,ノイズ 対策 アース,jpn,0,1,0.0%,83.0
2026-01-20,ノイズ 対策 接地,jpn,0,1,0.0%,87.0
2026-01-20,マンション 防音室 許可,jpn,0,1,0.0%,28.0
2026-01-20,ワンタッチ 防音 壁 買う前,jpn,0,1,0.0%,15.0
2026-01-20,同棲 防音,jpn,0,1,0.0%,54.0
2026-01-20,接地 ノイズ 対策,jpn,0,1,0.0%,90.0
2026-01-20,日本の防音市場,jpn,0,1,0.0%,36.0
2026-01-20,賃貸 防音室 法律,jpn,0,1,0.0%,15.0
2026-01-20,賃貸 防音室 許可,jpn,0,1,0.0%,13.0
2026-01-20,配信環境 防音,jpn,0,1,0.0%,37.0
2026-01-20,配信者 防音室,jpn,0,1,0.0%,35.0
2026-01-20,防音 室 値段,jpn,0,1,0.0%,71.0
2026-01-20,防音室 100万,jpn,0,1,0.0%,15.0
2026-01-20,防音室 価格,jpn,0,1,0.0%,49.0
2026-01-20,防音室 湿度,jpn,0,1,0.0%,15.0
2026-01-20,防音室 設置 許可,jpn,0,1,0.0%,19.0
2026-01-20,防音室 許可,jpn,0,1,0.0%,23.0
2026-01-20,防音室 賃貸 許可,jpn,0,1,0.0%,18.0
2026-01-20,防音室 配信者,jpn,0,1,0.0%,38.0
2026-01-21,cheap way to soundproof a room,ind,0,1,0.0%,54.0
2026-01-21,how much does it cost to sound proof a room,usa,0,1,0.0%,69.0
2026-01-21,how much does it cost to soundproof a room,usa,0,1,0.0%,59.0
2026-01-21,how to soundproof a room cheaply,usa,0,1,0.0%,49.0
2026-01-21,how to soundproof a room for streaming,ecu,0,1,0.0%,49.0
2026-01-21,isovox 自作,jpn,0,1,0.0%,25.0
2026-01-21,japan building code update,usa,0,1,0.0%,7.0
2026-01-21,soundproofing room hourly rates,gbr,0,1,0.0%,21.0
2026-01-21,アース ライン ノイズ 対策,jpn,0,1,0.0%,44.0
2026-01-21,アース 線 ノイズ 対策,jpn,0,1,0.0%,69.0
2026-01-21,マンション 防音室 許可,jpn,0,1,0.0%,26.0
2026-01-21,ワンタッチ 防音 壁 買う前,jpn,0,1,0.0%,15.0
2026-01-21,伊丹 空港 騒音 補助金 いくら,jpn,0,1,0.0%,12.0
2026-01-21,賃貸 防音室 法律,jpn,0,1,0.0%,14.0
2026-01-21,賃貸 防音室 許可,jpn,0,1,0.0%,13.0
2026-01-21,防音室 値段 6畳,jpn,0,1,0.0%,77.0
2026-01-21,防音室 湿度,jpn,0,1,0.0%,16.0
2026-01-21,防音室 設置 許可,jpn,0,1,0.0%,20.0
2026-01-21,防音室 許可,jpn,0,1,0.0%,27.0
2026-01-21,防音室 賃貸 許可,jpn,0,1,0.0%,17.0
2026-01-21,防音室 配信者,jpn,0,1,0.0%,40.0
2026-01-22,cost to make a room soundproof,vnm,0,1,0.0%,48.0
2026-01-22,how can i soundproof a room cheaply?,usa,0,1,0.0%,87.0
2026-01-22,how much does it cost to sound proof a room,usa,0,1,0.0%,70.0
2026-01-22,japan building code news,usa,0,1,0.0%,3.0
2026-01-22,soundproofing room hourly rates,gbr,0,1,0.0%,22.0
2026-01-22,vtuber 賃貸,jpn,0,1,0.0%,32.0
2026-01-22,vtuber 防音対策,jpn,0,1,0.0%,25.0
2026-01-22,アース ノイズ 対策,jpn,0,1,0.0%,80.0
2026-01-22,アース ライン ノイズ 対策,jpn,0,1,0.0%,42.0
2026-01-22,ノイズ アース,jpn,0,1,0.0%,69.0
2026-01-22,ノイズ 対策 アース,jpn,0,1,0.0%,85.0
2026-01-22,ノイズ 対策 接地,jpn,0,1,0.0%,85.0
2026-01-22,マンション 防音室 許可,jpn,0,1,0.0%,32.0
2026-01-22,ワンタッチ 防音 壁 買う前,jpn,0,1,0.0%,13.0
2026-01-22,一人暮らし 配信 防音,jpn,0,1,0.0%,13.0
2026-01-22,組み立て式防音室,jpn,0,1,0.0%,17.0
2026-01-22,賃貸 防音室 法律,jpn,0,1,0.0%,23.0
2026-01-22,賃貸 防音室 許可,jpn,0,1,0.0%,26.0
2026-01-22,賃貸 防音室 許可 なぜ,jpn,0,1,0.0%,34.0
2026-01-22,配信者 防音室,jpn,0,1,0.0%,34.0
2026-01-22,配信者向け賃貸,jpn,0,1,0.0%,28.0
2026-01-22,防音室 diy,jpn,0,1,0.0%,20.0
2026-01-22,防音室 価格,jpn,0,1,0.0%,38.0
2026-01-22,防音室 加湿器,jpn,0,1,0.0%,2.0
2026-01-22,防音室 大阪,jpn,0,1,0.0%,44.0
2026-01-22,防音室 暑い,jpn,0,1,0.0%,33.0
2026-01-22,防音室 湿度,jpn,0,1,0.0%,14.0
2026-01-22,防音室 自作,jpn,0,1,0.0%,19.0
2026-01-22,防音室 設置 許可,jpn,0,1,0.0%,16.0
2026-01-22,防音室 許可,jpn,0,1,0.0%,18.0
2026-01-22,防音室 賃貸 許可,jpn,0,1,0.0%,16.0
2026-01-23,how to soundproof a room for streaming,ven,0,1,0.0%,55.0
2026-01-23,japan building code news,usa,0,1,0.0%,3.0
2026-01-23,japan building code updates today,usa,0,1,0.0%,5.0
2026-01-23,japan sound masking system market,gbr,0,1,0.0%,40.0
2026-01-23,vtuber 防音対策,jpn,0,1,0.0%,25.0
2026-01-23,お金 をかけずに防音 窓,jpn,0,1,0.0%,62.0
2026-01-23,アビテックス 賃貸 許可,jpn,0,1,0.0%,26.0
2026-01-23,アース ノイズ 対策,jpn,0,1,0.0%,82.0
2026-01-23,クローゼット 配信部屋,jpn,0,1,0.0%,9.0
2026-01-23,クローゼット 防音室 自作,jpn,0,1,0.0%,11.0
2026-01-23,クローゼット 防音室 賃貸,jpn,0,1,0.0%,12.0
2026-01-23,ノイズ 対策 アース,jpn,0,1,0.0%,80.0
2026-01-23,マンション 防音室 許可,jpn,0,1,0.0%,27.0
2026-01-23,打鍵音 うるさい 対策,jpn,0,1,0.0%,24.0
2026-01-23,親フラとは,jpn,0,1,0.0%,58.0
2026-01-23,賃貸 防音室 法律,jpn,0,1,0.0%,23.0
2026-01-23,賃貸 防音室 許可,jpn,0,1,0.0%,13.0
2026-01-23,賃貸 防音室 許可 なぜ,jpn,0,1,0.0%,34.0
2026-01-23,配信 防音室,jpn,0,1,0.0%,39.0
2026-01-23,配信環境 防音,jpn,0,1,0.0%,36.0
2026-01-23,配信者 防音室,jpn,0,1,0.0%,34.0
2026-01-23,防音ブース 自作,jpn,0,1,0.0%,21.0
2026-01-23,防音室 vtuber,jpn,0,1,0.0%,40.0
2026-01-23,防音室 ドラム,jpn,0,1,0.0%,29.0
2026-01-23,防音室 仕組み,jpn,0,1,0.0%,38.0
2026-01-23,防音室 値段,jpn,0,1,0.0%,15.0
2026-01-23,防音室 加湿器,jpn,0,1,0.0%,2.0
2026-01-23,防音室 安い,usa,0,1,0.0%,12.0
2026-01-23,防音室 湿度,jpn,0,1,0.0%,15.0
2026-01-23,防音室 設置 許可,jpn,0,1,0.0%,15.0
2026-01-23,防音室 許可,jpn,0,1,0.0%,22.0
2026-01-23,防音室 賃貸 許可,jpn,0,1,0.0%,15.0
2026-01-24,how much does it cost to soundproof a room,svk,0,1,0.0%,46.0
2026-01-24,japan building code update,usa,0,1,0.0%,12.0
2026-01-24,japan building code updates,usa,0,1,0.0%,7.0
2026-01-24,soundproofing room hourly rates,gbr,0,1,0.0%,20.0
2026-01-24,soundproofing technology,esp,0,1,0.0%,44.0
2026-01-24,vtuber 防音対策,jpn,0,1,0.0%,24.0
2026-01-24,アース ノイズ 対策,jpn,0,1,0.0%,82.0
2026-01-24,アース ライン ノイズ 対策,jpn,0,1,0.0%,41.0
2026-01-24,アース 線 ノイズ 対策,jpn,0,1,0.0%,73.0
2026-01-24,クローゼット 配信部屋,jpn,0,1,0.0%,9.0
2026-01-24,グランド ループ ノイズ 対策,jpn,0,1,0.0%,52.0
2026-01-24,ゲーム配信 防音,jpn,0,1,0.0%,98.0
2026-01-24,ノイズ アース 線,jpn,0,1,0.0%,85.0
2026-01-24,マンション 防音室 許可,jpn,0,1,0.0%,34.0
2026-01-24,ワンタッチ 防音 壁 買う前,jpn,0,1,0.0%,12.0
2026-01-24,一人暮らし 配信 防音,jpn,0,1,0.0%,14.0
2026-01-24,一戸建て 騒音苦情,arg,0,1,0.0%,26.0
2026-01-24,接地 ノイズ 対策,jpn,0,1,0.0%,86.0
2026-01-24,賃貸 配信 防音,jpn,0,1,0.0%,36.0
2026-01-24,賃貸 防音室 法律,jpn,0,1,0.0%,14.0
2026-01-24,賃貸 防音室 許可 なぜ,jpn,0,1,0.0%,31.0
2026-01-24,配信環境 防音,jpn,0,1,0.0%,34.0
2026-01-24,配信者 防音室,jpn,0,1,0.0%,14.0
2026-01-24,防音室 仕組み,jpn,0,1,0.0%,30.0
2026-01-24,防音室 性能,jpn,0,1,0.0%,75.0
2026-01-24,防音室 設置 許可,jpn,0,1,0.0%,18.0
2026-01-24,防音室 許可,jpn,0,1,0.0%,27.0
2026-01-24,防音室 賃貸 許可,jpn,0,1,0.0%,23.0
2026-01-24,防音室 配信者,jpn,0,1,0.0%,36.0
2026-01-25,d値とは,jpn,0,1,0.0%,64.0
2026-01-25,japan building code news,usa,0,1,0.0%,3.0
2026-01-25,japan building code update news,usa,0,1,0.0%,4.0
2026-01-25,japan building code updates,usa,0,1,0.0%,7.0
2026-01-25,rew rt60,jpn,0,1,0.0%,5.0
2026-01-25,sound proof room for rent,usa,0,1,0.0%,77.0
2026-01-25,soundproofing room hourly rates,gbr,0,1,0.0%,25.0
2026-01-25,vtuber 防音対策,jpn,0,1,0.0%,22.0
2026-01-25,アース ライン ノイズ 対策,jpn,0,1,0.0%,42.0
2026-01-25,クローゼット 防音効果,jpn,0,1,0.0%,16.0
2026-01-25,ノイズ アース,jpn,0,1,0.0%,61.0
2026-01-25,ノイズ アース 対策,jpn,0,1,0.0%,73.0
2026-01-25,ノイズ 対策 アース,jpn,0,1,0.0%,81.0
2026-01-25,ピアノ 寒い部屋,jpn,0,1,0.0%,33.0
2026-01-25,ピアノ防音パネル 意味ない,jpn,0,1,0.0%,60.0
2026-01-25,マイク キーボード音 除去,jpn,0,1,0.0%,38.0
2026-01-25,マンション 防音室 許可,jpn,0,1,0.0%,21.0
2026-01-25,ワンタッチ防音壁,jpn,0,1,0.0%,32.0
2026-01-25,一人暮らし 配信 防音,jpn,0,1,0.0%,15.0
2026-01-25,木造アパート 音 気にならない,jpn,0,1,0.0%,49.0
2026-01-25,賃貸 防音室 法律,jpn,0,1,0.0%,19.0
2026-01-25,賃貸 防音室 許可,jpn,0,1,0.0%,29.0
2026-01-25,賃貸 防音室 許可 なぜ,jpn,0,1,0.0%,31.0
2026-01-25,配信環境 防音,jpn,0,1,0.0%,35.0
2026-01-25,配信者 防音室,jpn,0,1,0.0%,40.0
2026-01-25,防音 リフォーム 補助金,jpn,0,1,0.0%,90.0
2026-01-25,防音 室 構造,jpn,0,1,0.0%,77.0
2026-01-25,防音室 diy ホームセンター,jpn,0,1,0.0%,14.0
2026-01-25,防音室 クローゼット,jpn,0,1,0.0%,39.0
2026-01-25,防音室 サックス,jpn,0,1,0.0%,70.0
2026-01-25,防音室 マンション 設置,jpn,0,1,0.0%,85.0
2026-01-25,防音室 加湿器,jpn,0,1,0.0%,3.0
2026-01-25,防音室 構造,jpn,0,1,0.0%,77.0
2026-01-25,防音室 湿度,jpn,0,1,0.0%,11.0
2026-01-25,防音室 自作 失敗,jpn,0,1,0.0%,16.0
2026-01-25,防音室 許可,jpn,0,1,0.0%,22.0
2026-01-25,防音室 賃貸 許可,jpn,0,1,0.0%,13.0
2026-01-25,防音室 配信者,jpn,0,1,0.0%,38.0
2026-01-26,cheap way to soundproof a room,usa,0,1,0.0%,48.0
2026-01-26,cheap ways to soundproof a room,usa,0,1,0.0%,83.0
2026-01-26,cheapest way to soundproof a room,usa,0,1,0.0%,46.0
2026-01-26,cost to soundproof a room,usa,0,1,0.0%,52.0
2026-01-26,homeguide cost to soundproof a room 2025,usa,0,1,0.0%,11.0
2026-01-26,how much to soundproof a room,usa,0,1,0.0%,48.0
2026-01-26,how to cheaply soundproof a room,usa,0,1,0.0%,43.0
2026-01-26,how to soundproof a room cheap,usa,0,1,0.0%,47.0
2026-01-26,how to soundproof a room cheaply,usa,0,1,0.0%,42.0
2026-01-26,japan building code news,usa,0,1,0.0%,3.0
2026-01-26,japan building code updates,usa,0,1,0.0%,7.0
2026-01-26,japan sound masking system market,ind,0,1,0.0%,66.0
2026-01-26,japan sound masking system market,usa,0,1,0.0%,41.0
2026-01-26,soundproofing room hourly rates,gbr,0,1,0.0%,15.0
2026-01-26,vtuber 防音室,jpn,0,1,0.0%,38.0
2026-01-26,vtuber 防音対策,jpn,0,1,0.0%,22.0
2026-01-26,はい、詳しく教えてください,jpn,0,1,0.0%,10.0
2026-01-26,アビテックス 賃貸 許可,jpn,0,1,0.0%,10.0
2026-01-26,アース ノイズ,jpn,0,1,0.0%,90.0
2026-01-26,アース ノイズ 対策,jpn,0,1,0.0%,82.0
2026-01-26,アース ライン ノイズ 対策,jpn,0,1,0.0%,42.0
2026-01-26,アース 線 ノイズ 対策,jpn,0,1,0.0%,49.0
2026-01-26,クローゼット 配信部屋,jpn,0,1,0.0%,9.0
2026-01-26,グランド ループ ノイズ 対策,jpn,0,1,0.0%,54.0
2026-01-26,グランド ループ 対策,jpn,0,1,0.0%,60.0
2026-01-26,ノイズ アース 対策,jpn,0,1,0.0%,74.0
2026-01-26,ノイズ 対策 アース,jpn,0,1,0.0%,57.0
2026-01-26,マンション 防音室 許可,jpn,0,1,0.0%,29.0
2026-01-26,ワンタッチ防音壁 効果,jpn,0,1,0.0%,13.0
2026-01-26,ワンタッチ防音壁 効果,tur,0,1,0.0%,11.0
2026-01-26,ワンタッチ防音壁 評判,jpn,0,1,0.0%,25.0
2026-01-26,ワンルーム 防音,jpn,0,1,0.0%,52.0
2026-01-26,接地 ノイズ 対策,jpn,0,1,0.0%,88.0
2026-01-26,賃貸 防音室 法律,jpn,0,1,0.0%,20.0
2026-01-26,賃貸 防音室 許可,jpn,0,1,0.0%,12.0
2026-01-26,賃貸 防音室 許可 なぜ,jpn,0,1,0.0%,31.0
2026-01-26,配信者 防音室,jpn,0,1,0.0%,34.0
2026-01-26,配信部屋,jpn,0,1,0.0%,53.0
2026-01-26,防音室 dr-100,jpn,0,1,0.0%,19.0
2026-01-26,防音室 おすすめ 配信,jpn,0,1,0.0%,40.0
2026-01-26,防音室 ハウスメーカー おすすめ,jpn,0,1,0.0%,24.0
2026-01-26,防音室 仕組み,jpn,0,1,0.0%,31.0
2026-01-26,防音室 作り方 安い,jpn,0,1,0.0%,64.0
2026-01-26,防音室 換気,jpn,0,1,0.0%,17.0
2026-01-26,防音室 湿度,jpn,0,1,0.0%,12.0
2026-01-26,防音室 設置 許可,jpn,0,1,0.0%,15.0
2026-01-26,防音室 許可,jpn,0,1,0.0%,22.0
2026-01-26,防音室 賃貸 許可,jpn,0,1,0.0%,21.0
2026-01-26,防音室 配信者,jpn,0,1,0.0%,40.0
2026-01-27,1k 防音対策,jpn,0,1,0.0%,48.0
2026-01-27,cheapest way to soundproof room,usa,0,1,0.0%,61.0
2026-01-27,how much does it cost to soundproof a room,usa,0,1,0.0%,62.0
2026-01-27,how much is it to soundproof a room,usa,0,1,0.0%,63.0
2026-01-27,japan sound masking system market,ind,0,1,0.0%,70.0
2026-01-27,japan sound masking system market,usa,0,1,0.0%,54.0
2026-01-27,soundproofing room hourly rates,gbr,0,1,0.0%,23.0
2026-01-27,vtuber 賃貸,jpn,0,1,0.0%,27.0
2026-01-27,vtuber 防音室,jpn,0,1,0.0%,40.0
2026-01-27,vtuber 防音対策,jpn,0,1,0.0%,23.0
2026-01-27,アビテックス 後悔,jpn,0,1,0.0%,19.0
2026-01-27,アース ノイズ 対策,jpn,0,1,0.0%,80.0
2026-01-27,アース 線 ノイズ 対策,jpn,0,1,0.0%,72.0
2026-01-27,グランド ループ ノイズ 対策,jpn,0,1,0.0%,53.0
2026-01-27,グランド ループ 対策,jpn,0,1,0.0%,46.0
2026-01-27,ノイズ アース 対策,jpn,0,1,0.0%,76.0
2026-01-27,ノイズ 対策 アース,jpn,0,1,0.0%,79.0
2026-01-27,マンション 配信 防音,jpn,0,1,0.0%,39.0
2026-01-27,マンション 防音室 許可,jpn,0,1,0.0%,21.0
2026-01-27,ワンタッチ防音壁 効果,jpn,0,1,0.0%,12.0
2026-01-27,一人暮らし 配信 防音,jpn,0,1,0.0%,15.0
2026-01-27,一戸建て 騒音苦情,jpn,0,1,0.0%,20.0
2026-01-27,簡易防音室 ゲーム,jpn,0,1,0.0%,59.0
2026-01-27,賃貸 防音室 法律,jpn,0,1,0.0%,20.0
2026-01-27,賃貸 防音室 許可,jpn,0,1,0.0%,12.0
2026-01-27,賃貸 防音室 許可 なぜ,jpn,0,1,0.0%,31.0
2026-01-27,配信環境 防音,jpn,0,1,0.0%,36.0
2026-01-27,配信者 防音室,jpn,0,1,0.0%,17.0
2026-01-27,配信者向け賃貸,jpn,0,1,0.0%,47.0
2026-01-27,配信部屋,jpn,0,1,0.0%,67.0
2026-01-27,防音 室 ドラム,jpn,0,1,0.0%,89.0
2026-01-27,防音室 ゲーム,jpn,0,1,0.0%,69.0
2026-01-27,防音室 ハウスメーカー おすすめ,jpn,0,1,0.0%,25.0
2026-01-27,防音室 レンタル 月額,jpn,0,1,0.0%,33.0
2026-01-27,防音室 仕組み,jpn,0,1,0.0%,31.0
2026-01-27,防音室 加湿器,jpn,0,1,0.0%,2.0
2026-01-27,防音室 湿度,jpn,0,1,0.0%,12.0
2026-01-27,防音室 設置 許可,jpn,0,1,0.0%,15.0
2026-01-27,防音室 許可,jpn,0,1,0.0%,28.0
2026-01-27,防音室 賃貸 許可,jpn,0,1,0.0%,21.0
2026-01-28,cost to soundproof a house,usa,0,1,0.0%,80.0
2026-01-28,how much does it cost to soundproof a room,usa,0,1,0.0%,58.0
2026-01-28,inexpensive ways to soundproof a room,usa,0,1,0.0%,54.0
2026-01-28,otodasu 賃貸 許可,jpn,0,1,0.0%,27.0
2026-01-28,price of soundproofing a room,usa,0,1,0.0%,93.0
2026-01-28,streaming booth,dza,0,1,0.0%,33.0
2026-01-28,vtuber 防音対策,jpn,0,1,0.0%,26.0
2026-01-28,アース ノイズ 対策,jpn,0,1,0.0%,77.0
2026-01-28,グランド ループ 対策,jpn,0,1,0.0%,41.0
2026-01-28,ノイズ アース 対策,jpn,0,1,0.0%,42.0
2026-01-28,ノイズ アース 線,jpn,0,1,0.0%,83.0
2026-01-28,ノイズ 対策 アース,jpn,0,1,0.0%,80.0
2026-01-28,マンション 防音室 許可,jpn,0,1,0.0%,21.0
2026-01-28,ワンタッチ防音壁,jpn,0,1,0.0%,38.0
2026-01-28,一人暮らし 配信 防音,jpn,0,1,0.0%,12.0
2026-01-28,親フラとは,jpn,0,1,0.0%,63.0
2026-01-28,賃貸 防音室 法律,jpn,0,1,0.0%,16.0
2026-01-28,賃貸 防音室 許可 なぜ,jpn,0,1,0.0%,30.0
2026-01-28,配信環境 防音,jpn,0,1,0.0%,33.0
2026-01-28,配信者 防音室,jpn,0,1,0.0%,34.0
2026-01-28,配信部屋 レイアウト,jpn,0,1,0.0%,17.0
2026-01-28,防音パネル 効果 ない,jpn,0,1,0.0%,84.0
2026-01-28,防音室 wifi,jpn,0,1,0.0%,11.0
2026-01-28,防音室 おすすめ 配信,jpn,0,1,0.0%,38.0
2026-01-28,防音室 エアコン おすすめ,jpn,0,1,0.0%,20.0
2026-01-28,防音室 レンタル 月額,usa,0,1,0.0%,16.0
2026-01-28,防音室 仕組み,jpn,0,1,0.0%,30.0
2026-01-28,防音室 加湿器,jpn,0,1,0.0%,3.0
2026-01-28,防音室 大きさ,jpn,0,1,0.0%,50.0
2026-01-28,防音室 湿度,jpn,0,1,0.0%,12.0
2026-01-28,防音室 設置 許可,jpn,0,1,0.0%,15.0
2026-01-28,防音室 許可,jpn,0,1,0.0%,21.0
2026-01-28,防音室 賃貸 許可,jpn,0,1,0.0%,13.0
2026-01-29,asmr 市場規模,jpn,0,1,0.0%,4.0
2026-01-29,building code japan updates today,usa,0,1,0.0%,7.0
2026-01-29,building code updates japan,usa,0,1,0.0%,5.0
2026-01-29,how much does it cost to build a soundproof room,usa,0,1,0.0%,50.0
2026-01-29,how much does it cost to make a room soundproof,usa,0,1,0.0%,49.0
2026-01-29,how much does it cost to make a soundproof room,usa,0,1,0.0%,42.0
2026-01-29,how much does it cost to soundproof a house,usa,0,1,0.0%,83.0
2026-01-29,how much does it cost to soundproof a small room,usa,0,1,0.0%,75.0
2026-01-29,how much will it cost to soundproof a room,usa,0,1,0.0%,81.0
2026-01-29,how to soundproof a room cheap,arg,0,1,0.0%,48.0
2026-01-29,how to soundproof a room for cheap,usa,0,1,0.0%,84.0
2026-01-29,soundproofing room hourly rates,gbr,0,1,0.0%,28.0
2026-01-29,vtuber 防音室,jpn,0,1,0.0%,39.0
2026-01-29,vtuber 防音対策,jpn,0,1,0.0%,22.0
2026-01-29,web 会議 うるさい,jpn,0,1,0.0%,52.0
2026-01-29,アビテックス 賃貸 許可,jpn,0,1,0.0%,11.0
2026-01-29,アース 線 ノイズ 対策,jpn,0,1,0.0%,74.0
2026-01-29,クローゼット 防音室 自作,jpn,0,1,0.0%,18.0
2026-01-29,グランド ループ ノイズ 対策,jpn,0,1,0.0%,54.0
2026-01-29,マンション 防音室 許可,jpn,0,1,0.0%,24.0
2026-01-29,ワンタッチ防音壁 評判,jpn,0,1,0.0%,16.0
2026-01-29,一人暮らし 配信 防音,jpn,0,1,0.0%,12.0
2026-01-29,伊丹 空港 騒音 補助金 いくら,isr,0,1,0.0%,7.0
2026-01-29,賃貸 防音室 法律,jpn,0,1,0.0%,20.0
2026-01-29,賃貸 防音室 許可,jpn,0,1,0.0%,12.0
2026-01-29,賃貸 防音室 許可 なぜ,jpn,0,1,0.0%,30.0
2026-01-29,配信環境 防音,jpn,0,1,0.0%,28.0
2026-01-29,配信者 防音室,jpn,0,1,0.0%,34.0
2026-01-29,配信部屋 レイアウト,jpn,0,1,0.0%,22.0
2026-01-29,防音 配信,jpn,0,1,0.0%,55.0
2026-01-29,防音キャビネット市場,jpn,0,1,0.0%,32.0
2026-01-29,防音室 エアコン,jpn,0,1,0.0%,72.0
2026-01-29,防音室 料金,jpn,0,1,0.0%,41.0
2026-01-29,防音室 湿度,jpn,0,1,0.0%,14.0
2026-01-29,防音室 自作 失敗,jpn,0,1,0.0%,18.0
2026-01-29,防音室 設置 許可,jpn,0,1,0.0%,24.0
2026-01-29,防音室 賃貸 神戸,jpn,0,1,0.0%,28.0
2026-01-29,防音室 賃貸 許可,jpn,0,1,0.0%,13.0
2026-01-29,飛行機 騒音 補助金,srb,0,1,0.0%,64.0
2026-01-30,how to soundproof a room cheaply,usa,0,1,0.0%,79.0
2026-01-30,japan building code update news,usa,0,1,0.0%,5.0
2026-01-30,japan building code updates,usa,0,1,0.0%,7.0
2026-01-30,japan sound masking system market,gbr,0,1,0.0%,43.0
2026-01-30,japan sound masking system market,usa,0,1,0.0%,54.0
2026-01-30,otodasu だんぼっち 比較,jpn,0,1,0.0%,43.0
2026-01-30,vtuber 防音室,jpn,0,1,0.0%,40.0
2026-01-30,vtuber 防音対策,jpn,0,1,0.0%,18.0
2026-01-30,アース ライン ノイズ 対策,jpn,0,1,0.0%,57.0
2026-01-30,グランド ノイズ 対策,jpn,0,1,0.0%,90.0
2026-01-30,ノイズ アース,jpn,0,1,0.0%,92.0
2026-01-30,ピアノ 防音パネル 意味ない,jpn,0,1,0.0%,67.0
2026-01-30,マンション 防音室 許可,jpn,0,1,0.0%,25.0
2026-01-30,ワンタッチ防音壁 評判,jpn,0,1,0.0%,20.0
2026-01-30,一人暮らし 配信 防音,jpn,0,1,0.0%,11.0
2026-01-30,一人暮らし 防音 東京,jpn,0,1,0.0%,20.0
2026-01-30,賃貸 防音室 法律,jpn,0,1,0.0%,14.0
2026-01-30,賃貸 防音室 許可,jpn,0,1,0.0%,21.0
2026-01-30,賃貸 防音室 許可 なぜ,jpn,0,1,0.0%,28.0
2026-01-30,配信環境 防音,jpn,0,1,0.0%,37.0
2026-01-30,防音室 vtuber,jpn,0,1,0.0%,40.0
2026-01-30,防音室 値段,jpn,0,1,0.0%,17.0
2026-01-30,防音室 大阪,jpn,0,1,0.0%,44.0
2026-01-30,防音室 暑い,jpn,0,1,0.0%,25.0
2026-01-30,防音室 湿度,jpn,0,1,0.0%,11.0
2026-01-30,防音室 自作 失敗,jpn,0,1,0.0%,16.0
2026-01-30,防音室 自作 費用,jpn,0,1,0.0%,49.0
2026-01-30,防音室 設置 許可,jpn,0,1,0.0%,17.0
2026-01-30,防音室 許可,jpn,0,1,0.0%,18.0
2026-01-30,防音室 賃貸 神戸,jpn,0,1,0.0%,39.0
2026-01-30,防音室 賃貸 許可,jpn,0,1,0.0%,13.0
2026-01-31,0.8畳 防音室,jpn,0,1,0.0%,12.0
2026-01-31,cost to soundproof a room,usa,0,1,0.0%,66.0
2026-01-31,how much is a soundproof room,ind,0,1,0.0%,52.0
2026-01-31,how much to soundproof a room,usa,0,1,0.0%,63.0
2026-01-31,japan building code updates,usa,0,1,0.0%,6.0
2026-01-31,obs キーボード音 消す,jpn,0,1,0.0%,51.0
2026-01-31,piano decibels,usa,0,1,0.0%,39.0
2026-01-31,sound room meaning,esp,0,1,0.0%,36.0
2026-01-31,soundproof room meaning,col,0,1,0.0%,31.0
2026-01-31,soundproof rooms cost,esp,0,1,0.0%,92.0
2026-01-31,soundproof rooms cost,tto,0,1,0.0%,71.0
2026-01-31,soundproofing room hourly rates,gbr,0,1,0.0%,19.0
2026-01-31,what is a sound room,usa,0,1,0.0%,50.0
2026-01-31,アース ノイズ 対策,jpn,0,1,0.0%,83.0
2026-01-31,クローゼット 防音室 賃貸,jpn,0,1,0.0%,8.0
2026-01-31,グランド ループ ノイズ 対策,jpn,0,1,0.0%,36.0
2026-01-31,グランド ループ 対策,jpn,0,1,0.0%,56.0
2026-01-31,ドラム 防音室,jpn,0,1,0.0%,95.0
2026-01-31,ノイズ アース,jpn,0,1,0.0%,98.0
2026-01-31,ノイズ アース 対策,jpn,0,1,0.0%,35.0
2026-01-31,ノイズ アース 線,jpn,0,1,0.0%,56.0
2026-01-31,ノイズ 対策 アース,jpn,0,1,0.0%,88.0
2026-01-31,ノイズ 対策 接地,jpn,0,1,0.0%,95.0
2026-01-31,接地 ノイズ 対策,jpn,0,1,0.0%,56.0
2026-01-31,防音室 10畳,jpn,0,1,0.0%,41.0
2026-01-31,防音室 エアコン おすすめ,jpn,0,1,0.0%,21.0
2026-01-31,防音室 ゲーム,jpn,0,1,0.0%,70.0
2026-01-31,防音室 大阪,jpn,0,1,0.0%,20.0
2026-01-31,防音室 組み立て式,jpn,0,1,0.0%,22.0
2026-01-31,防音室 自作 失敗,jpn,0,1,0.0%,25.0
2026-02-01,how much would it cost to soundproof a room,vnm,0,1,0.0%,45.0
2026-02-01,musision,gbr,0,1,0.0%,4.0
2026-02-01,アース ノイズ 対策,jpn,0,1,0.0%,86.0
2026-02-01,キーボード うるさい 対策,jpn,0,1,0.0%,44.0
2026-02-01,クローゼット 防音室 賃貸,jpn,0,1,0.0%,12.0
2026-02-01,グランド ループ ノイズ 対策,jpn,0,1,0.0%,52.0
2026-02-01,グランド ループ 対策,jpn,0,1,0.0%,55.0
2026-02-01,ノイズ アース,jpn,0,1,0.0%,96.0
2026-02-01,ノイズ アース 対策,jpn,0,1,0.0%,33.0
2026-02-01,ノイズ アース 線,jpn,0,1,0.0%,55.0
2026-02-01,ノイズ 対策 アース,jpn,0,1,0.0%,84.0
2026-02-01,ノイズ 対策 接地,jpn,0,1,0.0%,94.0
2026-02-01,ワンタッチ防音壁 効果,gbr,0,1,0.0%,7.0
2026-02-01,接地 ノイズ 対策,jpn,0,1,0.0%,90.0
2026-02-01,木造アパート 話し声 聞こえない,jpn,0,1,0.0%,20.0
2026-02-01,木造アパート 音 対策,jpn,0,1,0.0%,87.0
2026-02-01,配信者向け賃貸,jpn,0,1,0.0%,31.0
2026-02-01,配信部屋 レイアウト,jpn,0,1,0.0%,19.0
2026-02-01,配信部屋 作り方,jpn,0,1,0.0%,21.0
2026-02-01,防音 リフォーム 補助金,jpn,0,1,0.0%,64.0
2026-02-01,防音壁 工事,jpn,0,1,0.0%,92.0
2026-02-01,防音室 クローゼット,jpn,0,1,0.0%,45.0
2026-02-01,防音室 ドラム,jpn,0,1,0.0%,86.0
2026-02-01,防音室 ハウスメーカー おすすめ,jpn,0,1,0.0%,23.0
2026-02-01,防音室 ピアノ,jpn,0,1,0.0%,89.0
2026-02-01,防音室 マンション 設置,jpn,0,1,0.0%,85.0
2026-02-01,防音室 値段,jpn,0,1,0.0%,51.0
2026-02-01,防音室 構造,jpn,0,1,0.0%,77.0
2026-02-01,防音室 配信,jpn,0,1,0.0%,17.0
2026-02-02,how much would it cost to soundproof a room,usa,0,1,0.0%,62.0
2026-02-02,アース ノイズ 対策,jpn,0,1,0.0%,63.0
2026-02-02,アース 線 ノイズ 対策,jpn,0,1,0.0%,57.0
2026-02-02,クローゼット 配信部屋,jpn,0,1,0.0%,9.0
2026-02-02,グランド ループ ノイズ 対策,jpn,0,1,0.0%,41.0
2026-02-02,グランド ループ 対策,jpn,0,1,0.0%,35.0
2026-02-02,ノイズ アース,jpn,0,1,0.0%,48.0
2026-02-02,ノイズ アース 線,jpn,0,1,0.0%,33.0
2026-02-02,ノイズ 対策 アース,jpn,0,1,0.0%,73.0
2026-02-02,一人暮らし 配信 防音,jpn,0,1,0.0%,7.0
2026-02-02,伊丹 空港 騒音 補助金 いくら,gtm,0,1,0.0%,8.0
2026-02-02,大阪 防音,jpn,0,1,0.0%,61.0
2026-02-02,接地 ノイズ 対策,jpn,0,1,0.0%,65.0
2026-02-02,無声音 asmr,jpn,0,1,0.0%,31.0
2026-02-02,賃貸 防音室 許可 なぜ,jpn,0,1,0.0%,22.0
2026-02-02,遮音材 吸音材 違い,jpn,0,1,0.0%,19.0
2026-02-02,配信 マイク 位置,jpn,0,1,0.0%,73.0
2026-02-02,配信者 防音室,jpn,0,1,0.0%,20.0
2026-02-02,防音 大阪,jpn,0,1,0.0%,74.0
2026-02-02,防音 遮音 吸音 順番,jpn,0,1,0.0%,23.0
2026-02-02,防音室 値段,jpn,0,1,0.0%,37.0
2026-02-02,防音室 加湿器,jpn,0,1,0.0%,3.0
2026-02-03,cost soundproof room,can,0,1,0.0%,84.0
2026-02-03,japan acoustic insulation market,jpn,0,1,0.0%,19.0
2026-02-03,japan building code updates today,usa,0,1,0.0%,5.0
2026-02-03,livestream soundproof,usa,0,1,0.0%,19.0
2026-02-03,soundproof room for rent,usa,0,1,0.0%,38.0
2026-02-03,wii fit 防音 マット 足音 振動,jpn,0,1,0.0%,16.0
2026-02-03,アビテックス 賃貸 許可,jpn,0,1,0.0%,10.0
2026-02-03,アース ノイズ 対策,jpn,0,1,0.0%,62.0
2026-02-03,アース ライン ノイズ 対策,jpn,0,1,0.0%,63.0
2026-02-03,アース 線 ノイズ 対策,jpn,0,1,0.0%,58.0
2026-02-03,グランド ループ ノイズ 対策,jpn,0,1,0.0%,33.0
2026-02-03,サービスオフィス 防音,jpn,0,1,0.0%,97.0
2026-02-03,ノイズ アース,jpn,0,1,0.0%,76.0
2026-02-03,ノイズ アース 対策,jpn,0,1,0.0%,33.0
2026-02-03,ノイズ アース 線,jpn,0,1,0.0%,36.0
2026-02-03,ノイズ 対策 アース,jpn,0,1,0.0%,72.0
2026-02-03,ノイズ 対策 接地,jpn,0,1,0.0%,87.0
2026-02-03,ワンタッチ防音壁 効果,jpn,0,1,0.0%,11.0
2026-02-03,接地 ノイズ 対策,jpn,0,1,0.0%,68.0
2026-02-03,木造 新築 防音,jpn,0,1,0.0%,71.0
2026-02-03,木造 騒音 気にならない,jpn,0,1,0.0%,76.0
2026-02-03,遮音 吸音 違い,jpn,0,1,0.0%,46.0
2026-02-03,配信者 防音室,jpn,0,1,0.0%,21.0
2026-02-03,配信者向け賃貸,jpn,0,1,0.0%,21.0
2026-02-03,防音 リフォーム 補助金,jpn,0,1,0.0%,75.0
2026-02-03,防音と遮音の違い,jpn,0,1,0.0%,68.0
2026-02-03,防音室 ハウスメーカー おすすめ,jpn,0,1,0.0%,19.0
2026-02-03,防音室 自作 ゲーム,jpn,0,1,0.0%,72.0
2026-02-04,how much does it cost to soundproof a room,usa,0,1,0.0%,52.0
2026-02-04,japan building code news,usa,0,1,0.0%,3.0
2026-02-04,japan building code updates,usa,0,1,0.0%,8.0
2026-02-04,piano decibel,usa,0,1,0.0%,35.0
2026-02-04,soundproofing technology,chl,0,1,0.0%,38.0
2026-02-04,soundproofing technology,dza,0,1,0.0%,35.0
2026-02-04,wii fit 防音 マット 足音 振動,jpn,0,1,0.0%,18.0
2026-02-04,アース ノイズ 対策,jpn,0,1,0.0%,77.0
2026-02-04,アース 線 ノイズ 対策,jpn,0,1,0.0%,75.0
2026-02-04,キーボード 静かに打つ方法,jpn,0,1,0.0%,78.0
2026-02-04,グランド ループ 対策,jpn,0,1,0.0%,31.0
2026-02-04,ノイズ アース 線,cyp,0,1,0.0%,56.0
2026-02-04,伊丹 空港 騒音 補助金 いくら,jpn,0,1,0.0%,12.0
2026-02-04,賃貸 配信 うるさい,jpn,0,1,0.0%,21.0
2026-02-04,配信 防音 自作,jpn,0,1,0.0%,24.0
2026-02-04,防音室 大阪 賃貸,jpn,0,1,0.0%,30.0
2026-02-04,防音室 換気扇 音漏れ,jpn,0,1,0.0%,22.0
2026-02-04,防音室 配信用,jpn,0,1,0.0%,54.0
2026-02-04,防音室値段,jpn,0,1,0.0%,19.0
2026-02-05,bouon,usa,0,1,0.0%,11.0
2026-02-05,japan building code news,usa,0,1,0.0%,4.0
2026-02-05,web 会議 うるさい,jpn,0,1,0.0%,50.0
2026-02-05,wii fit 防音 マット 足音 振動,jpn,0,1,0.0%,13.0
2026-02-05,アビテックス 賃貸 許可,jpn,0,1,0.0%,11.0
2026-02-05,アース ノイズ 対策,jpn,0,1,0.0%,81.0
2026-02-05,アース 線 ノイズ 対策,jpn,0,1,0.0%,54.0
2026-02-05,キーボード 静音化 シート,jpn,0,1,0.0%,18.0
2026-02-05,クローゼット 防音効果,jpn,0,1,0.0%,20.0
2026-02-05,クローゼット 防音室 賃貸,jpn,0,1,0.0%,8.0
2026-02-05,グランド ループ 対策,jpn,0,1,0.0%,41.0
2026-02-05,ノイズ アース 対策,jpn,0,1,0.0%,35.0
2026-02-05,ノイズ アース 線,jpn,0,1,0.0%,85.0
2026-02-05,ノイズ 対策 接地,jpn,0,1,0.0%,87.0
2026-02-05,配信者向け賃貸,jpn,0,1,0.0%,46.0
2026-02-05,防音室 レンタル 月額,jpn,0,1,0.0%,39.0
2026-02-05,防音室 価格,jpn,0,1,0.0%,48.0
2026-02-05,防音室 自作,jpn,0,1,0.0%,19.0
2026-02-06,bouon,usa,0,1,0.0%,9.0
2026-02-06,dr-35 dr-40 違い,jpn,0,1,0.0%,9.0
2026-02-06,japan building code news,usa,0,1,0.0%,4.0
2026-02-06,web会議 うるさい,jpn,0,1,0.0%,51.0
2026-02-06,アビテックス 賃貸 許可,jpn,0,1,0.0%,8.0
2026-02-06,クローゼット 配信部屋,jpn,0,1,0.0%,9.0
2026-02-06,クローゼット 防音室 賃貸,jpn,0,1,0.0%,4.0
2026-02-06,ノイズ アース 対策,jpn,0,1,0.0%,39.0
2026-02-06,神戸市 防音室,jpn,0,1,0.0%,29.0
2026-02-06,配信 キーボード音,jpn,0,1,0.0%,11.0
2026-02-06,配信部屋レイアウト,jpn,0,1,0.0%,18.0
2026-02-06,防音 室 自作 ゲーム,jpn,0,1,0.0%,86.0
2026-02-06,防音 賃貸 大阪,jpn,0,1,0.0%,37.0
2026-02-06,防音室 加湿器,jpn,0,1,0.0%,3.0
2026-02-06,防音室 大阪,jpn,0,1,0.0%,49.0
2026-02-06,防音室 暑い,jpn,0,1,0.0%,28.0
2026-02-06,防音室 自作 ゲーム,jpn,0,1,0.0%,89.0
2026-02-07,dr-35 dr-40 違い,jpn,0,1,0.0%,9.0
2026-02-07,how to soundproof a room cheaply,bra,0,1,0.0%,82.0
2026-02-07,japan building code news,usa,0,1,0.0%,4.0
2026-02-07,wii fit 防音 マット 足音 振動,jpn,0,1,0.0%,17.0
2026-02-07,アース ライン ノイズ 対策,jpn,0,1,0.0%,46.0
2026-02-07,ベーストラップ,jpn,0,1,0.0%,17.0
2026-02-07,ワンルーム 防音,jpn,0,1,0.0%,51.0
2026-02-07,一人暮らし 防音 東京,jpn,0,1,0.0%,26.0
2026-02-07,一戸建て 騒音苦情,jpn,0,1,0.0%,30.0
2026-02-07,配信 キーボード音 消す,jpn,0,1,0.0%,9.0
2026-02-07,配信者 賃貸,jpn,0,1,0.0%,25.0
2026-02-07,防振床,jpn,0,1,0.0%,94.0
2026-02-07,防音室 自作 失敗,jpn,0,1,0.0%,16.0
2026-02-07,防音室 見積もり,jpn,0,1,0.0%,57.0
2026-02-07,防音室 賃貸 神戸,jpn,0,1,0.0%,28.0
2026-02-07,音楽教室 防音室,jpn,0,1,0.0%,60.0
2026-02-08,bouon,usa,0,1,0.0%,10.0
2026-02-08,dr-35 dr-40 違い,jpn,0,1,0.0%,9.0
2026-02-08,japan building code news,usa,0,1,0.0%,5.0
2026-02-08,otodasu だん ぼっ ち 比較,jpn,0,1,0.0%,9.0
2026-02-08,クローゼット 配信部屋,jpn,0,1,0.0%,8.0
2026-02-08,クローゼット 防音室 作り方,jpn,0,1,0.0%,15.0
2026-02-08,クローゼット 防音室 賃貸,jpn,0,1,0.0%,10.0
2026-02-08,ベーストラップ,jpn,0,1,0.0%,19.0
2026-02-08,一人暮らし防音,jpn,0,1,0.0%,93.0
2026-02-08,一戸建て 騒音苦情,jpn,0,1,0.0%,30.0
2026-02-08,配信者向け賃貸,jpn,0,1,0.0%,45.0
2026-02-08,防音 リフォーム 補助金,jpn,0,1,0.0%,58.0
2026-02-08,防音 室 構造,jpn,0,1,0.0%,79.0
2026-02-08,防音ブース 自作,jpn,0,1,0.0%,15.0
2026-02-08,防音リフォーム補助金,jpn,0,1,0.0%,21.0
2026-02-08,防音室 wifi,jpn,0,1,0.0%,12.0
2026-02-08,防音室 クローゼット,jpn,0,1,0.0%,42.0
2026-02-08,防音室 ドラム,jpn,0,1,0.0%,66.0
2026-02-08,防音室 ハウスメーカー おすすめ,jpn,0,1,0.0%,17.0
2026-02-08,防音室 マンション 設置,jpn,0,1,0.0%,92.0
2026-02-08,防音室 値段,jpn,0,1,0.0%,57.0
2026-02-08,防音室 構造,jpn,0,1,0.0%,48.0
2026-02-08,防音室 配信用,jpn,0,1,0.0%,14.0
2026-02-08,防音工事 補助金,jpn,0,1,0.0%,88.0
2026-02-09,bouon,usa,0,1,0.0%,10.0
2026-02-09,how to soundproof a room cheap,usa,0,1,0.0%,82.0
2026-02-09,japan sound masking system market,usa,0,1,0.0%,43.0
2026-02-09,new soundproofing technology,usa,0,1,0.0%,17.0
2026-02-09,otodasu だん ぼっ ち 比較,jpn,0,1,0.0%,7.0
2026-02-09,アビテックス 賃貸 許可,jpn,0,1,0.0%,15.0
2026-02-09,アース ノイズ 対策,jpn,0,1,0.0%,56.0
2026-02-09,アース 線 ノイズ 対策,jpn,0,1,0.0%,76.0
2026-02-09,グランド ループ 対策,jpn,0,1,0.0%,27.0
2026-02-09,テレワーク 家族 うるさい,jpn,0,1,0.0%,55.0
2026-02-09,ノイズ アース,jpn,0,1,0.0%,96.0
2026-02-09,ノイズ アース 対策,jpn,0,1,0.0%,36.0
2026-02-09,ノイズ アース 線,jpn,0,1,0.0%,35.0
2026-02-09,防音 コーキング,jpn,0,1,0.0%,20.0
2026-02-09,防音 室 値段,jpn,0,1,0.0%,45.0
2026-02-09,防音室 月額,jpn,0,1,0.0%,18.0
2026-02-09,防音室 自作,jpn,0,1,0.0%,19.0
2026-02-10,how much does soundproofing a room cost,usa,0,1,0.0%,91.0
2026-02-10,japan building code news,usa,0,1,0.0%,4.0
2026-02-10,アース ノイズ 対策,jpn,0,1,0.0%,33.0
2026-02-10,アース ライン ノイズ 対策,jpn,0,1,0.0%,26.0
2026-02-10,アース 線 ノイズ 対策,jpn,0,1,0.0%,30.0
2026-02-10,クローゼット 防音室 賃貸,jpn,0,1,0.0%,8.0
2026-02-10,ノイズ アース,jpn,0,1,0.0%,61.0
2026-02-10,ノイズ アース 対策,jpn,0,1,0.0%,53.0
2026-02-10,ノイズ アース 線,jpn,0,1,0.0%,29.0
2026-02-10,ノイズ 対策 接地,jpn,0,1,0.0%,93.0
2026-02-10,ワンタッチ防音壁 評判,jpn,0,1,0.0%,27.0
2026-02-10,伊丹 空港 騒音 補助金 いくら,jpn,0,1,0.0%,8.0
2026-02-10,接地 ノイズ 対策,jpn,0,1,0.0%,67.0
2026-02-10,配信者 物件,jpn,0,1,0.0%,27.0
2026-02-10,配信者 部屋,jpn,0,1,0.0%,64.0
2026-02-10,防音室 wi-fi,jpn,0,1,0.0%,11.0
2026-02-10,防音室 換気扇 音漏れ,jpn,0,1,0.0%,19.0
2026-02-11,cheapest way to soundproof a room,usa,0,1,0.0%,83.0
2026-02-11,dr-35 dr-40 違い,jpn,0,1,0.0%,10.0
2026-02-11,アース ノイズ 対策,jpn,0,1,0.0%,28.0
2026-02-11,アース 線 ノイズ 対策,jpn,0,1,0.0%,71.0
2026-02-11,ウォークインクローゼット 防音室,jpn,0,1,0.0%,58.0
2026-02-11,キーボード 打鍵音 対策,jpn,0,1,0.0%,23.0
2026-02-11,クローゼット 防音,jpn,0,1,0.0%,49.0
2026-02-11,クローゼット 防音室,jpn,0,1,0.0%,46.0
2026-02-11,クローゼット 防音室 作り方,jpn,0,1,0.0%,10.0
2026-02-11,ノイズ アース,jpn,0,1,0.0%,97.0
2026-02-11,ノイズ アース 対策,jpn,0,1,0.0%,97.0
2026-02-11,ノイズ アース 線,jpn,0,1,0.0%,40.0
2026-02-11,ノイズ 対策 アース,jpn,0,1,0.0%,94.0
2026-02-11,プレハブ 防音室 ドラム,jpn,0,1,0.0%,45.0
2026-02-11,ワンタッチ防音壁,jpn,0,1,0.0%,30.0
2026-02-11,ワンルーム 防音対策,jpn,0,1,0.0%,51.0
2026-02-11,大阪 賃貸 防音室,jpn,0,1,0.0%,31.0
2026-02-11,大阪 防音 賃貸,jpn,0,1,0.0%,40.0
2026-02-11,接地 ノイズ 対策,jpn,0,1,0.0%,63.0
2026-02-11,自作 防音室 酸欠,jpn,0,1,0.0%,16.0
2026-02-11,遮音と吸音,jpn,0,1,0.0%,62.0
2026-02-11,配信者 賃貸 防音,jpn,0,1,0.0%,25.0
2026-02-11,配信部屋 レイアウト,jpn,0,1,0.0%,8.0
2026-02-11,防音 クローゼット,jpn,0,1,0.0%,50.0
2026-02-11,防音室 100万,jpn,0,1,0.0%,18.0
2026-02-11,防音室 10万,jpn,0,1,0.0%,11.0
2026-02-11,防音室 4.5畳,jpn,0,1,0.0%,49.0
2026-02-11,防音室 エアコン おすすめ,jpn,0,1,0.0%,23.0
2026-02-11,防音室 クローゼット,jpn,0,1,0.0%,48.0
2026-02-11,防音室 サイズ,jpn,0,1,0.0%,57.0
2026-02-11,防音室 ローン,jpn,0,1,0.0%,50.0
2026-02-11,防音室 仕組み,jpn,0,1,0.0%,36.0
2026-02-11,防音室 加湿器,jpn,0,1,0.0%,3.0
2026-02-11,防音室 大阪,jpn,0,1,0.0%,53.0
2026-02-11,防音室 大阪 賃貸,jpn,0,1,0.0%,47.0
2026-02-11,防音室 広さ,jpn,0,1,0.0%,60.0
2026-02-11,防音室 暑さ対策,jpn,0,1,0.0%,29.0
2026-02-11,防音室 比較,jpn,0,1,0.0%,54.0
2026-02-11,防音室 自作 クローゼット,jpn,0,1,0.0%,12.0
2026-02-11,防音室 自作 費用,jpn,0,1,0.0%,49.0
2026-02-11,防音室 配信,jpn,0,1,0.0%,52.0
2026-02-11,防音室レンタル 月額,jpn,0,1,0.0%,30.0
2026-02-11,防音賃貸 大阪,jpn,0,1,0.0%,58.0
2026-02-12,1k 防音対策,jpn,0,1,0.0%,58.0
2026-02-12,bouon,usa,0,1,0.0%,7.0
2026-02-12,dr-35 dr-40 違い,jpn,0,1,0.0%,9.0
2026-02-12,lab soundproofing case,usa,0,1,0.0%,58.0
2026-02-12,クローゼット 防音室 作り方,jpn,0,1,0.0%,11.0
2026-02-12,グランド ループ ノイズ 対策,jpn,0,1,0.0%,38.0
2026-02-12,グランド ループ 対策,jpn,0,1,0.0%,43.0
2026-02-12,ノイズ アース 線,jpn,0,1,0.0%,41.0
2026-02-12,マンション 楽器 何時 まで,jpn,0,1,0.0%,41.0
2026-02-12,ワンタッチ防音壁,jpn,0,1,0.0%,37.0
2026-02-12,ワンルーム 防音対策,jpn,0,1,0.0%,15.0
2026-02-12,一戸建て 騒音苦情,jpn,0,1,0.0%,34.0
2026-02-12,吸音 防音 違い,jpn,0,1,0.0%,72.0
2026-02-12,神戸市 防音室,jpn,0,1,0.0%,50.0
2026-02-12,遮音 防音 違い,jpn,0,1,0.0%,84.0
2026-02-12,配信 防音,jpn,0,1,0.0%,72.0
2026-02-12,配信者向け賃貸,jpn,0,1,0.0%,48.0
2026-02-12,配信部屋,jpn,0,1,0.0%,22.0
2026-02-12,防音 室 設置,jpn,0,1,0.0%,97.0
2026-02-12,防音 配信,jpn,0,1,0.0%,73.0
2026-02-12,防音室,jpn,0,1,0.0%,112.0
2026-02-12,防音室 ゲーム おすすめ,jpn,0,1,0.0%,20.0
2026-02-12,防音室 ハウスメーカー おすすめ,jpn,0,1,0.0%,23.0
2026-02-12,防音室 有線lan,jpn,0,1,0.0%,11.0
2026-02-12,防音室 自作 費用,jpn,0,1,0.0%,29.0
2026-02-12,防音室 賃貸 神戸,jpn,0,1,0.0%,27.0
2026-02-12,防音室レンタル 月額,jpn,0,1,0.0%,29.0
2026-02-13,bouon,usa,0,1,0.0%,7.0
2026-02-13,decibel piano,usa,0,1,0.0%,64.0
2026-02-13,how much does it cost to soundproof a room,usa,0,1,0.0%,52.0
2026-02-13,how to soundproof a room cheaply,usa,0,1,0.0%,54.0
2026-02-13,japan sound masking system market,usa,0,1,0.0%,94.0
2026-02-13,アース ノイズ 対策,jpn,0,1,0.0%,78.0
2026-02-13,アース 線 ノイズ 対策,jpn,0,1,0.0%,71.0
2026-02-13,グランド ループ ノイズ 対策,jpn,0,1,0.0%,53.0
2026-02-13,グランド ループ 対策,jpn,0,1,0.0%,43.0
2026-02-13,ゲーミング 防音室,jpn,0,1,0.0%,39.0
2026-02-13,ノイズ アース,jpn,0,1,0.0%,93.0
2026-02-13,ノイズ アース 対策,jpn,0,1,0.0%,36.0
2026-02-13,ノイズ アース 線,jpn,0,1,0.0%,48.0
2026-02-13,神戸市 防音室,jpn,0,1,0.0%,42.0
2026-02-13,自作 防音室 酸欠,jpn,0,1,0.0%,15.0
2026-02-13,賃貸 防音室 許可,jpn,0,1,0.0%,12.0
2026-02-13,配信 キーボード音,jpn,0,1,0.0%,13.0
2026-02-13,防音室 値段,jpn,0,1,0.0%,58.0
2026-02-13,防音室 暑い,jpn,0,1,0.0%,30.0
2026-02-14,japan building code updates,usa,0,1,0.0%,8.0
2026-02-14,otodasu だんぼっち 比較,jpn,0,1,0.0%,43.0
2026-02-14,アース ライン ノイズ 対策,jpn,0,1,0.0%,60.0
2026-02-14,グランド ループ ノイズ 対策,jpn,0,1,0.0%,53.0
2026-02-14,グランド ループ 対策,jpn,0,1,0.0%,27.0
2026-02-14,ノイズ アース 線,jpn,0,1,0.0%,100.0
2026-02-14,ベーストラップ,jpn,0,1,0.0%,44.0
2026-02-14,ワンタッチ防音壁 効果,jpn,0,1,0.0%,12.0
2026-02-14,ワンタッチ防音壁 評判,jpn,0,1,0.0%,27.0
2026-02-14,吸音 防音 違い,jpn,0,1,0.0%,76.0
2026-02-14,簡易 防音室 ゲーム,jpn,0,1,0.0%,120.0
2026-02-14,配信部屋 おしゃれ,jpn,0,1,0.0%,35.0
2026-02-14,防音室 ハウスメーカー おすすめ,jpn,0,1,0.0%,22.0
2026-02-14,防音室 値段,jpn,0,1,0.0%,60.0
2026-02-14,防音室 湿度,jpn,0,1,0.0%,11.0
2026-02-14,防音室 自作 プラダン,jpn,0,1,0.0%,15.0
2026-02-15,bouon,gbr,0,1,0.0%,4.0
2026-02-15,dr-35 dr-40 違い,jpn,0,1,0.0%,10.0
2026-02-15,アビテックス 賃貸 許可,jpn,0,1,0.0%,12.0
2026-02-15,アース ノイズ 対策,jpn,0,1,0.0%,85.0
2026-02-15,グランド ループ ノイズ 対策,jpn,0,1,0.0%,46.0
2026-02-15,ノイズ アース,jpn,0,1,0.0%,68.0
2026-02-15,ノイズ アース 対策,jpn,0,1,0.0%,26.0
2026-02-15,ノイズ 対策 アース,jpn,0,1,0.0%,91.0
2026-02-15,ミュージション 評判,jpn,0,1,0.0%,10.0
2026-02-15,吸音材 どこに貼る,jpn,0,1,0.0%,32.0
2026-02-15,自作 防音室 酸欠,jpn,0,1,0.0%,14.0
2026-02-15,部屋を防音にしたい 簡単,jpn,0,1,0.0%,85.0
2026-02-15,配信部屋 作り方,jpn,0,1,0.0%,20.0
2026-02-15,防音 リフォーム 補助金,jpn,0,1,0.0%,54.0
2026-02-15,防音 遮音 違い,jpn,0,1,0.0%,64.0
2026-02-15,防音壁 自作,jpn,0,1,0.0%,66.0
2026-02-15,防音室 diy,jpn,0,1,0.0%,67.0
2026-02-15,防音室 ドラム,jpn,0,1,0.0%,65.0
2026-02-15,防音室 マンション 設置,jpn,0,1,0.0%,78.0
2026-02-15,防音室 値段,jpn,0,1,0.0%,68.0
2026-02-15,防音室 構造,jpn,0,1,0.0%,89.0
2026-02-15,防音室自作,jpn,0,1,0.0%,81.0
2026-02-15,防音工事 補助金,jpn,0,1,0.0%,91.0
2026-02-16,bouon,ind,0,1,0.0%,10.0
2026-02-16,bouon,usa,0,1,0.0%,5.0
2026-02-16,japan building code news,usa,0,1,0.0%,5.0
2026-02-16,musision,jpn,0,1,0.0%,38.0
2026-02-16,アビテックス 賃貸 許可,jpn,0,1,0.0%,11.0
2026-02-16,グランド ループ 対策,jpn,0,1,0.0%,25.0
2026-02-16,ノイズ アース 線,jpn,0,1,0.0%,44.0
2026-02-16,マンション 楽器 何時まで,jpn,0,1,0.0%,11.0
2026-02-16,吸音材 遮音材 順番,jpn,0,1,0.0%,20.0
2026-02-16,接地 ノイズ 対策,jpn,0,1,0.0%,83.0
2026-02-16,部屋を防音室に したい,jpn,0,1,0.0%,18.0
2026-02-16,防衛省 防音工事 補助金,jpn,0,1,0.0%,53.0
2026-02-16,防衛省 防音工事対象区域,jpn,0,1,0.0%,46.0
2026-02-16,防音 室 値段,jpn,0,1,0.0%,39.0
2026-02-16,防音室 diy,jpn,0,1,0.0%,30.0
2026-02-16,防音室 wifi,jpn,0,1,0.0%,10.0
2026-02-16,防音室 月額,jpn,0,1,0.0%,14.0
2026-02-16,防音室 配信者,jpn,0,1,0.0%,36.0
2026-02-17,avitecs,usa,0,1,0.0%,9.0
2026-02-17,bouon,usa,0,1,0.0%,4.0
2026-02-17,cheap ways to soundproof a room,usa,0,1,0.0%,94.0
2026-02-17,how much does it cost to soundproof a room,usa,0,1,0.0%,67.0
2026-02-17,japan building code updates today,usa,0,1,0.0%,9.0
2026-02-17,new soundproofing technology,gbr,0,1,0.0%,11.0
2026-02-17,vtuber 賃貸,jpn,0,1,0.0%,29.0
2026-02-17,アビテックス 賃貸 許可,jpn,0,1,0.0%,8.0
2026-02-17,アース ライン ノイズ 対策,jpn,0,1,0.0%,84.0
2026-02-17,クローゼット 防音室,jpn,0,1,0.0%,23.0
2026-02-17,グランド ループ ノイズ 対策,jpn,0,1,0.0%,40.0
2026-02-17,コンデンサーマイク 距離,jpn,0,1,0.0%,90.0
2026-02-17,ノイズ アース 線,jpn,0,1,0.0%,96.0
2026-02-17,ノイズ 対策 アース,jpn,0,1,0.0%,31.0
2026-02-17,ワンタッチ 防音 壁 賃貸,jpn,0,1,0.0%,32.0
2026-02-17,ワンタッチ防音壁 効果,jpn,0,1,0.0%,7.0
2026-02-17,ワンタッチ防音壁 評判,jpn,0,1,0.0%,25.0
2026-02-17,一人暮らし 防音 ゲーム,jpn,0,1,0.0%,17.0
2026-02-17,伊丹 空港 騒音 補助金 いくら,jpn,0,1,0.0%,11.0
2026-02-17,接地 ノイズ 対策,jpn,0,1,0.0%,88.0
2026-02-17,自作 防音室 酸欠,jpn,0,1,0.0%,12.0
2026-02-17,賃貸 防音 室 許可,jpn,0,1,0.0%,16.0
2026-02-17,配信 防音室,jpn,0,1,0.0%,21.0
2026-02-17,配信者向け賃貸,jpn,0,1,0.0%,20.0
2026-02-17,配信部屋 レイアウト,jpn,0,1,0.0%,7.0
2026-02-17,配信部屋 防音 賃貸,jpn,0,1,0.0%,27.0
2026-02-17,配信部屋レイアウト,jpn,0,1,0.0%,7.0
2026-02-17,防音 室 値段,jpn,0,1,0.0%,70.0
2026-02-17,防音室 値段,jpn,0,1,0.0%,55.0
2026-02-17,防音室 加湿器,jpn,0,1,0.0%,2.0
2026-02-17,防音室 湿度,jpn,0,1,0.0%,10.0
2026-02-17,防音室 賃貸 許可,jpn,0,1,0.0%,10.0
2026-02-18,obs コンプレッサー こもる,jpn,0,1,0.0%,32.0
2026-02-18,vtuber 防音室 トレンド 2026,col,0,1,0.0%,1.0
2026-02-18,vtuber 防音室 トレンド 2026,dom,0,1,0.0%,1.0
2026-02-18,vtuber 防音室 トレンド 2026,jor,0,1,0.0%,1.0
2026-02-18,vtuber 防音室 トレンド 2026,mex,0,1,0.0%,1.0
2026-02-18,vtuber 防音室 トレンド 2026,tun,0,1,0.0%,1.0
2026-02-18,wii fit 防音 マット 足音 振動,jpn,0,1,0.0%,18.0
2026-02-18,ノイズ 対策 アース,jpn,0,1,0.0%,58.0
2026-02-18,ベーストラップ,jpn,0,1,0.0%,25.0
2026-02-18,マンション ランニングマシン うるさい,jpn,0,1,0.0%,16.0
2026-02-18,マンション 楽器 何時まで,jpn,0,1,0.0%,10.0
2026-02-18,ミュージション うるさい,jpn,0,1,0.0%,13.0
2026-02-18,ミュージション 審査,jpn,0,1,0.0%,11.0
2026-02-18,ワンタッチ 防音 壁 賃貸,jpn,0,1,0.0%,36.0
2026-02-18,大宮駅 防音 賃貸,jpn,0,1,0.0%,75.0
2026-02-18,自作 防音室 酸欠,jpn,0,1,0.0%,14.0
2026-02-18,賃貸 防音 室 許可,jpn,0,1,0.0%,14.0
2026-02-18,賃貸 防音室 許可,ind,0,1,0.0%,7.0
2026-02-18,配信 防音 自作,jpn,0,1,0.0%,31.0
2026-02-18,配信 防音室,jpn,0,1,0.0%,18.0
2026-02-18,配信者 賃貸,jpn,0,1,0.0%,27.0
2026-02-18,配信者 賃貸 探し方,jpn,0,1,0.0%,15.0
2026-02-18,配信部屋レイアウト,jpn,0,1,0.0%,8.0
2026-02-18,防音室 100万,jpn,0,1,0.0%,11.0
2026-02-18,防音室 100万円,jpn,0,1,0.0%,8.0
2026-02-18,防音室 10万,jpn,0,1,0.0%,15.0
2026-02-18,防音室 wi-fi,jpn,0,1,0.0%,11.0
2026-02-18,防音室 作る,jpn,0,1,0.0%,37.0
2026-02-18,防音室 有線lan,jpn,0,1,0.0%,10.0
2026-02-18,防音室 空調,jpn,0,1,0.0%,35.0
2026-02-19,bouon,usa,0,1,0.0%,5.0
2026-02-19,musision,usa,0,1,0.0%,9.0
2026-02-19,vtuber 防音室 トレンド 2026,arg,0,1,0.0%,1.0
2026-02-19,vtuber 防音室 トレンド 2026,brb,0,1,0.0%,1.0
2026-02-19,vtuber 防音室 トレンド 2026,can,0,1,0.0%,1.0
2026-02-19,vtuber 防音室 トレンド 2026,gbr,0,1,0.0%,1.0
2026-02-19,vtuber 防音室 トレンド 2026,guy,0,1,0.0%,1.0
2026-02-19,vtuber 防音室 トレンド 2026,mex,0,1,0.0%,1.0
2026-02-19,vtuber 防音室 トレンド 2026,pak,0,1,0.0%,1.0
2026-02-19,vtuber 防音室 トレンド 2026,zaf,0,1,0.0%,1.0
2026-02-19,wii fit 防音 マット 足音 振動,jpn,0,1,0.0%,19.0
2026-02-19,ウォークインクローゼット 防音室,jpn,0,1,0.0%,29.0
2026-02-19,クローゼット 防音室 作り方,jpn,0,1,0.0%,11.0
2026-02-19,クローゼット 防音室 賃貸,jpn,0,1,0.0%,12.0
2026-02-19,ノイズ アース 対策,jpn,0,1,0.0%,21.0
2026-02-19,ベース トラップ 自作,jpn,0,1,0.0%,38.0
2026-02-19,マンション 楽器 何時まで,jpn,0,1,0.0%,11.0
2026-02-19,仙台 防音,jpn,0,1,0.0%,50.0
2026-02-19,大阪 防音室,jpn,0,1,0.0%,61.0
2026-02-19,接地 ノイズ 対策,jpn,0,1,0.0%,89.0
2026-02-19,神戸市 防音室,jpn,0,1,0.0%,24.0
2026-02-19,簡易 防音室 賃貸 許可,jpn,0,1,0.0%,22.0
2026-02-19,自作 防音室 酸欠,jpn,0,1,0.0%,12.0
2026-02-19,賃貸 自作防音室 無断 トラブル or 退去時,arg,0,1,0.0%,1.0
2026-02-19,賃貸 自作防音室 無断 トラブル or 退去時,arm,0,1,0.0%,1.0
2026-02-19,賃貸 自作防音室 無断 トラブル or 退去時,ecu,0,1,0.0%,1.0
2026-02-19,賃貸 自作防音室 無断 トラブル or 退去時,esp,0,1,0.0%,1.0
2026-02-19,賃貸 自作防音室 無断 トラブル or 退去時,idn,0,1,0.0%,1.0
2026-02-19,賃貸 自作防音室 無断 トラブル or 退去時,mex,0,1,0.0%,1.0
2026-02-19,賃貸 自作防音室 無断 トラブル or 退去時,pri,0,1,0.0%,1.0
2026-02-19,賃貸 自作防音室 無断 トラブル or 退去時,sgp,0,1,0.0%,1.0
2026-02-19,賃貸 防音室,jpn,0,1,0.0%,10.0
2026-02-19,配信 防音室,jpn,0,1,0.0%,14.0
2026-02-19,配信者向け賃貸,jpn,0,1,0.0%,38.0
2026-02-19,配信部屋 防音 賃貸,jpn,0,1,0.0%,25.0
2026-02-19,配信部屋レイアウト,jpn,0,1,0.0%,8.0
2026-02-19,防音 スタジオ 賃貸 大阪,jpn,0,1,0.0%,9.0
2026-02-19,防音 リフォーム 補助金,jpn,0,1,0.0%,50.0
2026-02-19,防音 賃貸 大阪,jpn,0,1,0.0%,43.0
2026-02-19,防音室 vtuber,jpn,0,1,0.0%,38.0
2026-02-19,防音室 レンタル 月額,jpn,0,1,0.0%,36.0
2026-02-19,防音室 作り方,jpn,0,1,0.0%,65.0
2026-02-19,防音室 加湿器,jpn,0,1,0.0%,2.0
2026-02-19,防音室 大阪,jpn,0,1,0.0%,44.0
2026-02-19,防音室 工事 賃貸,jpn,0,1,0.0%,56.0
2026-02-19,防音室 暑い,jpn,0,1,0.0%,28.0
2026-02-19,防音室 最安,jpn,0,1,0.0%,11.0
2026-02-19,防音室 自作 効果なし,jpn,0,1,0.0%,37.0
2026-02-19,防音室 許可,jpn,0,1,0.0%,10.0
2026-02-20,avitecs,phl,0,1,0.0%,4.0
2026-02-20,bouon,lby,0,1,0.0%,8.0
2026-02-20,how much does it cost to soundproof a room,usa,0,1,0.0%,76.0
2026-02-20,how much is it to soundproof a room,usa,0,1,0.0%,61.0
2026-02-20,vtuber 防音室 トレンド 2026,col,0,1,0.0%,2.0
2026-02-20,vtuber 防音室 トレンド 2026,gbr,0,1,0.0%,1.0
2026-02-20,vtuber 防音室 トレンド 2026,mar,0,1,0.0%,1.0
2026-02-20,vtuber 防音室 トレンド 2026,sau,0,1,0.0%,2.0
2026-02-20,アビテックス 賃貸 許可,jpn,0,1,0.0%,7.0
2026-02-20,アース ノイズ 対策,jpn,0,1,0.0%,74.0
2026-02-20,アース ライン ノイズ 対策,jpn,0,1,0.0%,44.0
2026-02-20,アース 線 ノイズ 対策,jpn,0,1,0.0%,71.0
2026-02-20,グランド ノイズ 対策,jpn,0,1,0.0%,76.0
2026-02-20,グランド ループ ノイズ 対策,jpn,0,1,0.0%,50.0
2026-02-20,グランドピアノ 防音室,jpn,0,1,0.0%,46.0
2026-02-20,ノイズ アース,jpn,0,1,0.0%,40.0
2026-02-20,ノイズ 対策 アース,jpn,0,1,0.0%,83.0
2026-02-20,ミュージション 審査,jpn,0,1,0.0%,12.0
2026-02-20,吸音材 遮音材 順番,jpn,0,1,0.0%,19.0
2026-02-20,宅録 防音 クローゼット,jpn,0,1,0.0%,17.0
2026-02-20,部屋 を 防音 に する 方法,jpn,0,1,0.0%,46.0
2026-02-20,部屋 防音にする方法,jpn,0,1,0.0%,73.0
2026-02-20,配信 キーボード音 消す,jpn,0,1,0.0%,9.0
2026-02-20,配信 防音 自作,jpn,0,1,0.0%,25.0
2026-02-20,防音 部屋 diy,jpn,0,1,0.0%,49.0
2026-02-20,防音室 100万,jpn,0,1,0.0%,9.0
2026-02-20,防音室 100万円,jpn,0,1,0.0%,9.0
2026-02-20,防音室 diy,jpn,0,1,0.0%,18.0
2026-02-20,防音室 dr-100,jpn,0,1,0.0%,19.0
2026-02-20,防音室 作り方 賃貸,jpn,0,1,0.0%,46.0
2026-02-20,防音室 値段,jpn,0,1,0.0%,53.0
2026-02-20,防音室 賃貸 自作,jpn,0,1,0.0%,49.0
2026-02-20,防音室 賃貸 許可,jpn,0,1,0.0%,8.0
2026-02-20,防音物件 探し方,jpn,0,1,0.0%,42.0
2026-02-20,防音部屋 diy,jpn,0,1,0.0%,26.0
2026-02-21,bouon,usa,0,1,0.0%,6.0
2026-02-21,diy 防音室,jpn,0,1,0.0%,64.0
2026-02-21,how much does it cost to soundproof a room,usa,0,1,0.0%,62.0
2026-02-21,how to soundproof a room cheaply,usa,0,1,0.0%,82.0
2026-02-21,musision,usa,0,1,0.0%,9.0
2026-02-21,vtuber 防音室 トレンド 2026,bra,0,1,0.0%,1.0
2026-02-21,wii fit 防音 マット 足音 振動,jpn,0,1,0.0%,20.0
2026-02-21,アース ライン ノイズ 対策,jpn,0,1,0.0%,81.0
2026-02-21,クローゼット 防音室,jpn,0,1,0.0%,24.0
2026-02-21,ゲーム実況 防音,jpn,0,1,0.0%,56.0
2026-02-21,ノイズ アース 対策,jpn,0,1,0.0%,35.0
2026-02-21,ノイズ アース 線,jpn,0,1,0.0%,50.0
2026-02-21,ユニット式防音室,jpn,0,1,0.0%,58.0
2026-02-21,ロックウールボード ホームセンター,jpn,0,1,0.0%,24.0
2026-02-21,一戸建て 騒音苦情,jpn,0,1,0.0%,30.0
2026-02-21,一戸建て 騒音苦情,pry,0,1,0.0%,33.0
2026-02-21,伊丹 空港 騒音 補助金 いくら,jpn,0,1,0.0%,9.0
2026-02-21,吸音 材 効果,jpn,0,1,0.0%,99.0
2026-02-21,吸音材 遮音材 順番,jpn,0,1,0.0%,19.0
2026-02-21,自作 防音室 酸欠,jpn,0,1,0.0%,12.0
2026-02-21,配信者 賃貸,jpn,0,1,0.0%,23.0
2026-02-21,配信部屋 レイアウト,jpn,0,1,0.0%,11.0
2026-02-21,防音室 エアコン,jpn,0,1,0.0%,84.0
2026-02-21,防音室 エアコン 換気扇,jpn,0,1,0.0%,23.0
2026-02-21,防音室 ハウスメーカー おすすめ,bra,0,1,0.0%,15.0
2026-02-21,防音室 価格,jpn,0,1,0.0%,62.0
2026-02-21,防音室 安い おすすめ,jpn,0,1,0.0%,16.0
2026-02-21,防音室 自作 失敗,jpn,0,1,0.0%,19.0
2026-02-21,防音室 見積もり,jpn,0,1,0.0%,94.0
2026-02-21,防音室 許可,jpn,0,1,0.0%,12.0
2026-02-21,防音室 賃貸 設置,jpn,0,1,0.0%,75.0
2026-02-21,防音部屋 自作,jpn,0,1,0.0%,68.0
2026-02-22,bouon,chl,0,1,0.0%,7.0
2026-02-22,cheap way to soundproof a room,bra,0,1,0.0%,59.0
2026-02-22,japan building code news,usa,0,1,0.0%,7.0
2026-02-22,soundproof room cost,jpn,0,1,0.0%,10.0
2026-02-22,vtuber 賃貸,jpn,0,1,0.0%,28.0
2026-02-22,アース ノイズ 対策,jpn,0,1,0.0%,72.0
2026-02-22,エレキギター 防音室,jpn,0,1,0.0%,19.0
2026-02-22,クローゼット 防音室,jpn,0,1,0.0%,22.0
2026-02-22,グランド ループ ノイズ 対策,jpn,0,1,0.0%,50.0
2026-02-22,グランド ループ 対策,jpn,0,1,0.0%,43.0
2026-02-22,ドラム 防音 室 自作,jpn,0,1,0.0%,55.0
2026-02-22,ドラム 防音室,jpn,0,1,0.0%,97.0
2026-02-22,ノイズ アース,jpn,0,1,0.0%,67.0
2026-02-22,ノイズ アース 線,jpn,0,1,0.0%,42.0
2026-02-22,伊丹 空港 騒音 補助金 いくら,jpn,0,1,0.0%,8.0
2026-02-22,吸音 材 防音 材 違い,jpn,0,1,0.0%,83.0
2026-02-22,接地 ノイズ 対策,jpn,0,1,0.0%,62.0
2026-02-22,賃貸 自作防音室 無断 トラブル or 退去時,jpn,0,1,0.0%,1.0
2026-02-22,賃貸 防音 室 許可,jpn,0,1,0.0%,18.0
2026-02-22,賃貸 防音室 許可,jpn,0,1,0.0%,11.0
2026-02-22,部屋を防音室に したい,jpn,0,1,0.0%,23.0
2026-02-22,配信部屋 レイアウト,jpn,0,1,0.0%,9.0
2026-02-22,防音 リフォーム 補助金,jpn,0,1,0.0%,54.0
2026-02-22,防音 壁 工事費用,jpn,0,1,0.0%,18.0
2026-02-22,防音 室 構造,jpn,0,1,0.0%,79.0
2026-02-22,防音壁 自作,jpn,0,1,0.0%,62.0
2026-02-22,防音室 6畳 自作,jpn,0,1,0.0%,70.0
2026-02-22,防音室 diy,jpn,0,1,0.0%,60.0
2026-02-22,防音室 クローゼット,jpn,0,1,0.0%,42.0
2026-02-22,防音室 グランドピアノ,jpn,0,1,0.0%,75.0
2026-02-22,防音室 ドラム,jpn,0,1,0.0%,95.0
2026-02-22,防音室 ハウスメーカー おすすめ,gbr,0,1,0.0%,15.0
2026-02-22,防音室 値段,jpn,0,1,0.0%,75.0
2026-02-22,防音室 構造,jpn,0,1,0.0%,78.0
2026-02-22,防音室 自作,jpn,0,1,0.0%,73.0
2026-02-22,防音室 自作 失敗,jpn,0,1,0.0%,23.0
2026-02-22,防音室 許可,jpn,0,1,0.0%,11.0
2026-02-22,防音室 酸欠,jpn,0,1,0.0%,41.0
2026-02-22,防音工事 補助金,jpn,0,1,0.0%,98.0
2026-02-22,音の自由区 価格,jpn,0,1,0.0%,11.0
2026-02-23,bouon,usa,0,1,0.0%,4.0
2026-02-23,cost to soundproof a room,usa,0,1,0.0%,67.0
2026-02-23,how much does it cost to soundproof a room,usa,0,1,0.0%,38.0
2026-02-23,japan building code news,usa,0,1,0.0%,6.0
2026-02-23,rt60,jpn,0,1,0.0%,11.0
2026-02-23,wii fit 防音 マット 足音 振動,jpn,0,1,0.0%,19.0
2026-02-23,アース ノイズ 対策,jpn,0,1,0.0%,34.0
2026-02-23,クローゼット 防音室,jpn,0,1,0.0%,21.0
2026-02-23,グランド ループ 対策,jpn,0,1,0.0%,42.0
2026-02-23,ノイズ アース 対策,jpn,0,1,0.0%,40.0
2026-02-23,ノイズ 対策 アース,jpn,0,1,0.0%,81.0
2026-02-23,ミュージション 評判,jpn,0,1,0.0%,9.0
2026-02-23,伊丹 空港 騒音 補助金 いくら,jpn,0,1,0.0%,8.0
2026-02-23,接地 ノイズ 対策,jpn,0,1,0.0%,85.0
2026-02-23,自作 防音室 酸欠,jpn,0,1,0.0%,15.0
2026-02-23,賃貸 防音 室 許可,jpn,0,1,0.0%,13.0
2026-02-23,賃貸 防音室 許可,jpn,0,1,0.0%,11.0
2026-02-23,部屋を防音室にしたい,jpn,0,1,0.0%,80.0
2026-02-23,配信者向け賃貸,jpn,0,1,0.0%,35.0
2026-02-23,防音室 サブスク,jpn,0,1,0.0%,12.0
2026-02-23,防音室 ハウスメーカー おすすめ,arg,0,1,0.0%,23.0
2026-02-23,防音室 安い おすすめ,jpn,0,1,0.0%,12.0
2026-02-23,防音室 買取,jpn,0,1,0.0%,41.0
2026-02-23,防音室 配信用,jpn,0,1,0.0%,48.0
2026-02-23,防音室レンタル 月額,jpn,0,1,0.0%,26.0
2026-02-24,bouon,usa,0,1,0.0%,4.0
2026-02-24,cheap way to soundproof a room,usa,0,1,0.0%,95.0
2026-02-24,dr-35 dr-40 違い,jpn,0,1,0.0%,9.0
2026-02-24,how much does it cost to soundproof a room,usa,0,1,0.0%,56.0
2026-02-24,musision,usa,0,1,0.0%,9.0
2026-02-24,アビテックス 賃貸 許可,jpn,0,1,0.0%,7.0
2026-02-24,アース ノイズ 対策,jpn,0,1,0.0%,77.0
2026-02-24,グランド ループ 対策,jpn,0,1,0.0%,40.0
2026-02-24,サービスオフィス 防音,jpn,0,1,0.0%,93.0
2026-02-24,ノイズ アース,jpn,0,1,0.0%,40.0
2026-02-24,ノイズ アース 対策,jpn,0,1,0.0%,88.0
2026-02-24,ノイズ 対策 アース,jpn,0,1,0.0%,83.0
2026-02-24,ミュージション 審査,jpn,0,1,0.0%,11.0
2026-02-24,ミュージション 評判,jpn,0,1,0.0%,10.0
2026-02-24,ワンタッチ 防音 壁 賃貸,jpn,0,1,0.0%,35.0
2026-02-24,仙台 防音 賃貸,jpn,0,1,0.0%,27.0
2026-02-24,伊丹 空港 騒音 補助金 いくら,jpn,0,1,0.0%,10.0
2026-02-24,千葉 防音 賃貸,jpn,0,1,0.0%,47.0
2026-02-24,賃貸 防音 室 許可,jpn,0,1,0.0%,12.0
2026-02-24,賃貸 防音室 許可,jpn,0,1,0.0%,23.0
2026-02-24,配信 防音対策,jpn,0,1,0.0%,66.0
2026-02-24,配信部屋 レイアウト,jpn,0,1,0.0%,9.0
2026-02-24,防音 室 値段,jpn,0,1,0.0%,77.0
2026-02-24,防音室 diy キット,jpn,0,1,0.0%,15.0
2026-02-24,防音室 レンタル 月額,jpn,0,1,0.0%,33.0
2026-02-24,防音室 値段 安い,jpn,0,1,0.0%,10.0
2026-02-24,防音室 大きさ 配信,jpn,0,1,0.0%,21.0
2026-02-24,防音室 賃貸 許可,jpn,0,1,0.0%,14.0
2026-02-24,音の自由区 価格,jpn,0,1,0.0%,10.0
2026-02-25,bouon,usa,0,1,0.0%,5.0
2026-02-25,how much would it cost to soundproof a room,usa,0,1,0.0%,70.0
2026-02-25,musision,aus,0,1,0.0%,5.0
2026-02-25,vtuber 防音室,jpn,0,1,0.0%,35.0
2026-02-25,イレクターパイプ 防音室,jpn,0,1,0.0%,10.0
2026-02-25,グランド ループ ノイズ 対策,jpn,0,1,0.0%,51.0
2026-02-25,ノイズ アース 線,jpn,0,1,0.0%,44.0
2026-02-25,ノイズ 対策 接地,jpn,0,1,0.0%,71.0
2026-02-25,ミュージション 評判,jpn,0,1,0.0%,11.0
2026-02-25,ワンタッチ 防音 壁 賃貸,jpn,0,1,0.0%,35.0
2026-02-25,神奈川 防音室,jpn,0,1,0.0%,46.0
2026-02-25,自作 防音室 酸欠,jpn,0,1,0.0%,11.0
2026-02-25,賃貸 神戸 防音,jpn,0,1,0.0%,29.0
2026-02-25,部屋を防音室に したい,jpn,0,1,0.0%,20.0
2026-02-25,配信者向け賃貸,jpn,0,1,0.0%,43.0
2026-02-25,防音 アパート 埼玉,jpn,0,1,0.0%,49.0
2026-02-25,防音 賃貸 千葉,jpn,0,1,0.0%,47.0
2026-02-25,防音 賃貸 埼玉,jpn,0,1,0.0%,49.0
2026-02-25,防音 賃貸 大阪,jpn,0,1,0.0%,38.0
2026-02-25,防音室 100万,jpn,0,1,0.0%,21.0
2026-02-25,防音室 値段,jpn,0,1,0.0%,24.0
2026-02-25,防音室 賃貸 千葉,jpn,0,1,0.0%,40.0
2026-02-25,防音室 賃貸 神戸,jpn,0,1,0.0%,26.0
2026-02-25,防音室 酸欠,jpn,0,1,0.0%,24.0
2026-02-26,otodasu 賃貸 許可,jpn,0,1,0.0%,11.0
2026-02-26,アース ライン ノイズ 対策,jpn,0,1,0.0%,58.0
2026-02-26,キーボード 打鍵音 対策,jpn,0,1,0.0%,38.0
2026-02-26,クローゼット 防音室 作り方,jpn,0,1,0.0%,10.0
2026-02-26,ノイズ アース,jpn,0,1,0.0%,97.0
2026-02-26,ノイズ アース 線,jpn,0,1,0.0%,30.0
2026-02-26,ベーストラップ,jpn,0,1,0.0%,16.0
2026-02-26,ミュージション 評判,jpn,0,1,0.0%,11.0
2026-02-26,仙台 防音,jpn,0,1,0.0%,49.0
2026-02-26,伊丹 空港 騒音 補助金 いくら,jpn,0,1,0.0%,11.0
2026-02-26,低周波吸音断熱材市場,jpn,0,1,0.0%,98.0
2026-02-26,大阪 防音室 賃貸,jpn,0,1,0.0%,39.0
2026-02-26,神奈川 防音室,jpn,0,1,0.0%,45.0
2026-02-26,賃貸 防音 神奈川,jpn,0,1,0.0%,39.0
2026-02-26,遮音 吸音 違い,jpn,0,1,0.0%,84.0
2026-02-26,配信者向け賃貸,jpn,0,1,0.0%,34.0
2026-02-26,防音 マンション 神奈川,jpn,0,1,0.0%,40.0
2026-02-26,防音 賃貸 京都,jpn,0,1,0.0%,46.0
2026-02-26,防音 賃貸 大阪,jpn,0,1,0.0%,42.0
2026-02-26,防音 賃貸 神奈川,jpn,0,1,0.0%,34.0
2026-02-26,防音 賃貸マンション 神奈川,jpn,0,1,0.0%,39.0
2026-02-26,防音室 埼玉,jpn,0,1,0.0%,50.0
2026-02-26,防音室 暑い,jpn,0,1,0.0%,28.0
2026-02-26,防音室 物件 大阪,jpn,0,1,0.0%,37.0
2026-02-26,防音室 賃貸 千葉,jpn,0,1,0.0%,30.0
2026-02-26,防音室 賃貸 横浜,jpn,0,1,0.0%,41.0
2026-02-26,防音工事 ゲーム部屋 見積もり,jpn,0,1,0.0%,39.0
2026-02-26,防音賃貸 横浜 防音室,jpn,0,1,0.0%,44.0
2026-02-26,防音部屋 自作,jpn,0,1,0.0%,20.0
2026-02-27,cheap ways to soundproof a room,usa,0,1,0.0%,89.0
2026-02-27,japan sound masking system market,usa,0,1,0.0%,36.0
2026-02-27,soundproof paint market,usa,0,1,0.0%,64.0
2026-02-27,アース 線 ノイズ 対策,jpn,0,1,0.0%,79.0
2026-02-27,グランド ループ 対策,jpn,0,1,0.0%,34.0
2026-02-27,ノイズ アース,jpn,0,1,0.0%,95.0
2026-02-27,ノイズ アース 線,jpn,0,1,0.0%,43.0
2026-02-27,プラダン 防音 効果,jpn,0,1,0.0%,15.0
2026-02-27,ミュージション 評判,jpn,0,1,0.0%,11.0
2026-02-27,伊丹 空港 騒音 補助金 いくら,jpn,0,1,0.0%,10.0
2026-02-27,吸音材 遮音材 順番,jpn,0,1,0.0%,21.0
2026-02-27,接地 ノイズ 対策,jpn,0,1,0.0%,89.0
2026-02-27,神奈川 防音室 賃貸,jpn,0,1,0.0%,43.0
2026-02-27,賃貸 防音 室 許可,jpn,0,1,0.0%,13.0
2026-02-27,配信部屋 レイアウト,jpn,0,1,0.0%,10.0
2026-02-27,防音 室 マンション 設置,jpn,0,1,0.0%,84.0
2026-02-27,防音室 10万,jpn,0,1,0.0%,16.0
2026-02-27,防音室 diy,jpn,0,1,0.0%,43.0
2026-02-27,防音室 diy キット,jpn,0,1,0.0%,24.0
2026-02-27,防音室 値段,jpn,0,1,0.0%,79.0
2026-02-27,防音室 引っ越し 費用,jpn,0,1,0.0%,11.0
2026-02-27,防音室 有線lan,jpn,0,1,0.0%,11.0
2026-02-27,防音室 自作 失敗,jpn,0,1,0.0%,17.0
2026-02-27,防音室 自作 賃貸,jpn,0,1,0.0%,36.0
2026-02-27,防音工事補助金,jpn,0,1,0.0%,12.0
2026-02-27,防音材市場,jpn,0,1,0.0%,29.0
2026-02-27,隣人 配信者 うるさい,jpn,0,1,0.0%,61.0
2026-02-27,音大生 物件,jpn,0,1,0.0%,4.0
2026-02-28,bouon,ita,0,1,0.0%,5.0
2026-02-28,dba dbc 違い,usa,0,1,0.0%,27.0
2026-02-28,how to soundproof a room cheaply,usa,0,1,0.0%,85.0
2026-02-28,soundproofing room hourly rates,usa,0,1,0.0%,22.0
2026-02-28,アース ライン ノイズ 対策,jpn,0,1,0.0%,40.0
2026-02-28,アース 線 ノイズ 対策,jpn,0,1,0.0%,83.0
2026-02-28,キーボード 打鍵 音 対策,jpn,0,1,0.0%,22.0
2026-02-28,ユニット式防音室,jpn,0,1,0.0%,57.0
2026-02-28,ワンタッチ防音壁 評判,jpn,0,1,0.0%,28.0
2026-02-28,内窓 リフォーム デメリット,jpn,0,1,0.0%,81.0
2026-02-28,接地 ノイズ 対策,jpn,0,1,0.0%,59.0
2026-02-28,神奈川 防音室 賃貸,jpn,0,1,0.0%,22.0
2026-02-28,簡易 防音室 ゲーム,jpn,0,1,0.0%,25.0
2026-02-28,賃貸 防音 室 許可,jpn,0,1,0.0%,11.0
2026-02-28,部屋を防音室にしたい,jpn,0,1,0.0%,84.0
2026-02-28,防音 室 価格,jpn,0,1,0.0%,70.0
2026-02-28,防音 室 自作,jpn,0,1,0.0%,66.0
2026-02-28,防音 賃貸 大阪,jpn,0,1,0.0%,33.0
2026-02-28,防音室 エアコン,jpn,0,1,0.0%,88.0
2026-02-28,防音室 価格,jpn,0,1,0.0%,82.0
2026-02-28,防音室 安い,jpn,0,1,0.0%,35.0
2026-02-28,防音室 安い おすすめ,jpn,0,1,0.0%,12.0
2026-02-28,防音室 最安,jpn,0,1,0.0%,10.0
2026-02-28,防音室 格安,jpn,0,1,0.0%,7.0
2026-02-28,防音室 苦情,jpn,0,1,0.0%,33.0
2026-03-01,bouon,usa,0,1,0.0%,4.0
2026-03-01,cheap ways to soundproof a room,usa,0,1,0.0%,95.0
2026-03-01,japan sound masking system market,usa,0,1,0.0%,38.0
2026-03-01,otodasu 賃貸 許可,jpn,0,1,0.0%,13.0
2026-03-01,yamaha avitecs,usa,0,1,0.0%,9.0
2026-03-01,アビテックス 賃貸 許可,jpn,0,1,0.0%,8.0
2026-03-01,アース ノイズ 対策,jpn,0,1,0.0%,74.0
2026-03-01,アース ライン ノイズ 対策,jpn,0,1,0.0%,37.0
2026-03-01,グランド ノイズ 対策,jpn,0,1,0.0%,100.0
2026-03-01,グランド ループ ノイズ 対策,jpn,0,1,0.0%,52.0
2026-03-01,ドラム 防音 室 自作,jpn,0,1,0.0%,56.0
2026-03-01,ノイズ アース 対策,jpn,0,1,0.0%,32.0
2026-03-01,ノイズ 対策 アース,jpn,0,1,0.0%,75.0
2026-03-01,ミュージション うるさい,jpn,0,1,0.0%,21.0
2026-03-01,楽器不可 賃貸,jpn,0,1,0.0%,50.0
2026-03-01,環境音 asmr 作り方,jpn,0,1,0.0%,10.0
2026-03-01,賃貸 防音 室 許可,jpn,0,1,0.0%,12.0
2026-03-01,部屋を防音室にしたい diy,jpn,0,1,0.0%,36.0
2026-03-01,防音 室 値段,jpn,0,1,0.0%,74.0
2026-03-01,防音 室 構造,jpn,0,1,0.0%,83.0
2026-03-01,防音壁 自作,jpn,0,1,0.0%,51.0
2026-03-01,防音室 6畳 自作,jpn,0,1,0.0%,70.0
2026-03-01,防音室 wifi,jpn,0,1,0.0%,12.0
2026-03-01,防音室 クローゼット,jpn,0,1,0.0%,41.0
2026-03-01,防音室 グランドピアノ,jpn,0,1,0.0%,89.0
2026-03-01,防音室 ドラム,jpn,0,1,0.0%,66.0
2026-03-01,防音室 マンション 設置,jpn,0,1,0.0%,86.0
2026-03-01,防音室 値段,jpn,0,1,0.0%,76.0
2026-03-01,防音室 構造,jpn,0,1,0.0%,83.0
2026-03-01,防音室 賃貸,jpn,0,1,0.0%,10.0
2026-03-01,防音室 酸欠,jpn,0,1,0.0%,29.0
2026-03-01,防音室 電子ドラム,jpn,0,1,0.0%,56.0
2026-03-01,防音室レンタル 月額,jpn,0,1,0.0%,41.0
2026-03-02,how much does it cost to soundproof a room,usa,0,1,0.0%,59.0
2026-03-02,アース ループ 対策,jpn,0,1,0.0%,20.0
2026-03-02,アース 線 ノイズ 対策,jpn,0,1,0.0%,78.0
2026-03-02,キーボード 打鍵 音 対策,jpn,0,1,0.0%,28.0
2026-03-02,キーボード 打鍵音 対策,jpn,0,1,0.0%,21.0
2026-03-02,クローゼット 配信部屋,jpn,0,1,0.0%,11.0
2026-03-02,グランド ループ ノイズ 対策,jpn,0,1,0.0%,47.0
2026-03-02,ノイズ アース 対策,jpn,0,1,0.0%,96.0
2026-03-02,ノイズ 対策 アース,jpn,0,1,0.0%,74.0
2026-03-02,ベーストラップとは,jpn,0,1,0.0%,15.0
2026-03-02,マンション 防音室 許可,jpn,0,1,0.0%,21.0
2026-03-02,一戸建て 騒音 苦情,jpn,0,1,0.0%,30.0
2026-03-02,神奈川 防音 賃貸,jpn,0,1,0.0%,31.0
2026-03-02,神奈川県 防音室 賃貸,jpn,0,1,0.0%,40.0
2026-03-02,賃貸 防音 室 許可,jpn,0,1,0.0%,11.0
2026-03-02,配信 キーボード音,jpn,0,1,0.0%,20.0
2026-03-02,防音 アパート 家賃,jpn,0,1,0.0%,11.0
2026-03-02,防音 遮音 吸音 順番,jpn,0,1,0.0%,20.0
2026-03-02,防音室 10万,jpn,0,1,0.0%,11.0
2026-03-02,防音室 wifi,jpn,0,1,0.0%,11.0
2026-03-02,防音室 固定資産税,jpn,0,1,0.0%,11.0
2026-03-02,防音室 自作,jpn,0,1,0.0%,24.0
2026-03-02,防音室 自作 クローゼット,jpn,0,1,0.0%,9.0
2026-03-02,防音室 自作 失敗,jpn,0,1,0.0%,18.0
2026-03-02,防音工事 値段,jpn,0,1,0.0%,65.0
2026-03-02,騒音苦情 2 回目 謝罪,jpn,0,1,0.0%,31.0
2026-03-03,0.8畳 防音室,jpn,0,1,0.0%,11.0
2026-03-03,cheap way to soundproof a room,usa,0,1,0.0%,69.0
2026-03-03,cheap ways to soundproof a room,usa,0,1,0.0%,68.0
2026-03-03,cheapest way to soundproof a room,usa,0,1,0.0%,65.0
2026-03-03,cost of soundproofing a room,usa,0,1,0.0%,84.0
2026-03-03,cost to soundproof a room,usa,0,1,0.0%,43.0
2026-03-03,how much does it cost to soundproof a room,usa,0,1,0.0%,47.0
2026-03-03,how much does soundproofing a room cost,aus,0,1,0.0%,63.0
2026-03-03,how much does soundproofing a room cost,usa,0,1,0.0%,49.0
2026-03-03,アビテックス 賃貸 許可,jpn,0,1,0.0%,9.0
2026-03-03,クローゼット 配信部屋,jpn,0,1,0.0%,11.0
2026-03-03,クローゼット 防音室 賃貸,jpn,0,1,0.0%,11.0
2026-03-03,ノイズ アース 対策,jpn,0,1,0.0%,31.0
2026-03-03,ノイズ アース 線,jpn,0,1,0.0%,49.0
2026-03-03,簡易防音室 ゲーム,jpn,0,1,0.0%,58.0
2026-03-03,賃貸 防音 室 許可,jpn,0,1,0.0%,11.0
2026-03-03,配信,jpn,0,1,0.0%,2.0
2026-03-03,配信者 騒音,jpn,0,1,0.0%,29.0
2026-03-03,防音 室 値段,jpn,0,1,0.0%,76.0
2026-03-03,防音室 4.5畳,jpn,0,1,0.0%,18.0
2026-03-03,防音室 値段 6畳,jpn,0,1,0.0%,83.0
2026-03-03,防音室 夏場,jpn,0,1,0.0%,29.0
2026-03-03,防音室 安い おすすめ,jpn,0,1,0.0%,7.0
2026-03-03,防音室 自作 プラダン,jpn,0,1,0.0%,36.0
2026-03-03,防音室 許可,jpn,0,1,0.0%,11.0
2026-03-04,diy soundproof booth cost materials hardware store,usa,0,1,0.0%,19.0
2026-03-04,how much does it cost to build a soundproof room,cyp,0,1,0.0%,41.0
2026-03-04,how much does it cost to soundproof a room,usa,0,1,0.0%,78.0
2026-03-04,how much to soundproof a room,idn,0,1,0.0%,41.0
2026-03-04,how to soundproof a room on a budget,aut,0,1,0.0%,47.0
2026-03-04,inexpensive way to soundproof a room,usa,0,1,0.0%,75.0
2026-03-04,musision,usa,0,1,0.0%,10.0
2026-03-04,streaming booth,usa,0,1,0.0%,44.0
2026-03-04,アパート 楽器相談,jpn,0,1,0.0%,47.0
2026-03-04,アース ノイズ 対策,jpn,0,1,0.0%,51.0
2026-03-04,アース ライン ノイズ 対策,jpn,0,1,0.0%,58.0
2026-03-04,キーボード うるさい 対策,jpn,0,1,0.0%,25.0
2026-03-04,キーボード 打鍵 音 対策,jpn,0,1,0.0%,25.0
2026-03-04,キーボード 打鍵音 対策,jpn,0,1,0.0%,22.0
2026-03-04,キーボード音 対策,jpn,0,1,0.0%,28.0
2026-03-04,グランド ループ ノイズ 対策,jpn,0,1,0.0%,33.0
2026-03-04,グランド ループ 対策,jpn,0,1,0.0%,45.0
2026-03-04,グランドループ,jpn,0,1,0.0%,75.0
2026-03-04,ノイズ アース,jpn,0,1,0.0%,63.0
2026-03-04,ハムノイズ,jpn,0,1,0.0%,74.0
2026-03-04,ワンルーム 騒音,jpn,0,1,0.0%,49.0
2026-03-04,神奈川県 防音 賃貸,jpn,0,1,0.0%,28.0
2026-03-04,簡易 防音室 賃貸 許可,jpn,0,1,0.0%,11.0
2026-03-04,賃貸 神戸 防音,jpn,0,1,0.0%,43.0
2026-03-04,賃貸 防音 室 許可,jpn,0,1,0.0%,11.0
2026-03-04,防音 賃貸 京都,jpn,0,1,0.0%,43.0
2026-03-04,防音 賃貸 千葉,jpn,0,1,0.0%,42.0
2026-03-04,防音 賃貸 埼玉,jpn,0,1,0.0%,47.0
2026-03-04,防音 賃貸 神奈川,npl,0,1,0.0%,47.0
2026-03-04,防音壁,jpn,0,1,0.0%,21.0
2026-03-04,防音室 値段 安い,jpn,0,1,0.0%,13.0
2026-03-04,防音室 工事 賃貸,jpn,0,1,0.0%,63.0
2026-03-04,防音室 格安,jpn,0,1,0.0%,7.0
2026-03-04,防音室 自作 壁,jpn,0,1,0.0%,16.0
2026-03-04,防音室 賃貸 千葉,jpn,0,1,0.0%,30.0
2026-03-04,防音室 賃貸 大阪,jpn,0,1,0.0%,49.0
2026-03-04,防音室 賃貸 神奈川,jpn,0,1,0.0%,31.0
2026-03-04,防音室 賃貸 神戸,jpn,0,1,0.0%,43.0
2026-03-04,防音室付き 賃貸 埼玉,jpn,0,1,0.0%,42.0
2026-03-04,音 敏感,jpn,0,1,0.0%,88.0
2026-03-05,bouon,usa,0,1,0.0%,5.0
2026-03-05,diy soundproof booth cost materials hardware store,ecu,0,1,0.0%,13.0
2026-03-05,japan acoustic insulation market,jpn,0,1,0.0%,71.0
2026-03-05,otodasu 賃貸 許可,jpn,0,1,0.0%,11.0
2026-03-05,rew rt60,jpn,0,1,0.0%,5.0
2026-03-05,アビテックス 賃貸 許可,jpn,0,1,0.0%,11.0
2026-03-05,アース ノイズ 対策,jpn,0,1,0.0%,34.0
2026-03-05,アース ライン ノイズ 対策,jpn,0,1,0.0%,40.0
2026-03-05,アース 線 ノイズ 対策,jpn,0,1,0.0%,56.0
2026-03-05,ノイズ 対策 接地,jpn,0,1,0.0%,60.0
2026-03-05,プラダン 防音 効果,jpn,0,1,0.0%,16.0
2026-03-05,マンション ランニングマシン うるさい,jpn,0,1,0.0%,42.0
2026-03-05,ミュージション 評判,jpn,0,1,0.0%,9.0
2026-03-05,リフォーム 防音壁,jpn,0,1,0.0%,73.0
2026-03-05,仙台 防音,jpn,0,1,0.0%,31.0
2026-03-05,吸音材 遮音材 違い 効果,jpn,0,1,0.0%,34.0
2026-03-05,埼玉県 防音室 賃貸,jpn,0,1,0.0%,21.0
2026-03-05,楽器可 防音室,jpn,0,1,0.0%,38.0
2026-03-05,簡易 防音室 賃貸 許可,jpn,0,1,0.0%,12.0
2026-03-05,自作防音室,jpn,0,1,0.0%,36.0
2026-03-05,賃貸 防音 大阪,jpn,0,1,0.0%,44.0
2026-03-05,配信部屋 防音 賃貸,jpn,0,1,0.0%,40.0
2026-03-05,防音 マンション 神奈川,jpn,0,1,0.0%,40.0
2026-03-05,防音 賃貸 埼玉,kaz,0,1,0.0%,49.0
2026-03-05,防音 賃貸 大阪,jpn,0,1,0.0%,34.0
2026-03-05,防音室 10畳,jpn,0,1,0.0%,49.0
2026-03-05,防音室 dr-100,jpn,0,1,0.0%,26.0
2026-03-05,防音室 wifi,jpn,0,1,0.0%,11.0
2026-03-05,防音室 価格,jpn,0,1,0.0%,43.0
2026-03-05,防音室 安い おすすめ,jpn,0,1,0.0%,7.0
2026-03-05,防音室 物件 大阪,jpn,0,1,0.0%,44.0
2026-03-05,防音室 自作,jpn,0,1,0.0%,56.0
2026-03-05,防音室 自作 キット,jpn,0,1,0.0%,33.0
2026-03-05,防音室 自作 クローゼット,jpn,0,1,0.0%,12.0
2026-03-05,防音室 賃貸,jpn,0,1,0.0%,10.0
2026-03-05,防音室 賃貸 埼玉,jpn,0,1,0.0%,42.0
2026-03-05,防音室 賃貸 神戸,gbr,0,1,0.0%,32.0
2026-03-05,防音室 賃貸 神戸,jpn,0,1,0.0%,50.0
2026-03-05,隣人 楽器 演奏 時間帯,pri,0,1,0.0%,29.0
2026-03-06,bouon,aze,0,1,0.0%,9.0
2026-03-06,how much does it cost to soundproof a room,prt,0,1,0.0%,55.0
2026-03-06,sound proof room for rent,usa,0,1,0.0%,98.0
2026-03-06,キーボード 打鍵 音 対策,jpn,0,1,0.0%,25.0
2026-03-06,キーボード 打鍵音 対策,jpn,0,1,0.0%,21.0
2026-03-06,キーボード 打鍵音対策,jpn,0,1,0.0%,24.0
2026-03-06,キーボード音 対策,jpn,0,1,0.0%,28.0
2026-03-06,グランド ループ ノイズ 対策,jpn,0,1,0.0%,41.0
2026-03-06,グランド ループ 対策,jpn,0,1,0.0%,90.0
2026-03-06,ノイズ 対策 接地,jpn,0,1,0.0%,75.0
2026-03-06,ハムノイズとは,jpn,0,1,0.0%,76.0
2026-03-06,ミュージション 評判,jpn,0,1,0.0%,10.0
2026-03-06,吸音材 貼り方 位置,jpn,0,1,0.0%,18.0
2026-03-06,接地 ノイズ 対策,jpn,0,1,0.0%,61.0
2026-03-06,日本 集合住宅 遮音基準 欧米比較,bra,0,1,0.0%,1.0
2026-03-06,楽器可 防音室,jpn,0,1,0.0%,37.0
2026-03-06,神奈川 防音室,jpn,0,1,0.0%,24.0
2026-03-06,賃貸 防音 室 許可,jpn,0,1,0.0%,12.0
2026-03-06,配信者 部屋,jpn,0,1,0.0%,52.0
2026-03-06,配信者 部屋 レイアウト,jpn,0,1,0.0%,10.0
2026-03-06,配信部屋 レイアウト,usa,0,1,0.0%,9.0
2026-03-06,防音室 値段,jpn,0,1,0.0%,73.0
2026-03-06,防音室 値段 安い,jpn,0,1,0.0%,18.0
2026-03-06,防音室 加湿器,jpn,0,1,0.0%,2.0
2026-03-06,防音室 暑い,jpn,0,1,0.0%,29.0
2026-03-06,防音室 経費,jpn,0,1,0.0%,11.0
2026-03-06,防音室 自作 効果 測定,jpn,0,1,0.0%,33.0
2026-03-06,防音室 賃貸,jpn,0,1,0.0%,12.0
2026-03-06,防音工事 種類,jpn,0,1,0.0%,94.0
2026-03-06,隣人 楽器 演奏 時間帯,jpn,0,1,0.0%,29.0
2026-03-06,音に過敏 イライラ 対処法,jpn,0,1,0.0%,75.0
2026-03-06,音過敏症,jpn,0,1,0.0%,89.0
2026-03-07,cheap way to soundproof a room,usa,0,1,0.0%,97.0
2026-03-07,cheap ways to soundproof a room,usa,0,1,0.0%,74.0
2026-03-07,diy soundproof booth cost materials hardware store,bra,0,1,0.0%,14.0
2026-03-07,diy soundproof booth cost materials hardware store,mda,0,1,0.0%,15.0
2026-03-07,diy 防音室,jpn,0,1,0.0%,48.0
2026-03-07,dr-35 dr-40 違い,jpn,0,1,0.0%,13.0
2026-03-07,musision,aus,0,1,0.0%,7.0
2026-03-07,musision,kor,0,1,0.0%,9.0
2026-03-07,soundproof piano,usa,0,1,0.0%,46.0
2026-03-07,soundproofing for piano,usa,0,1,0.0%,41.0
2026-03-07,streaming booth,usa,0,1,0.0%,62.0
2026-03-07,vtuber 賃貸,jpn,0,1,0.0%,19.0
2026-03-07,wii fit 防音 マット 足音 振動,jpn,0,1,0.0%,19.0
2026-03-07,yamaha soundproof room,sgp,0,1,0.0%,21.0
2026-03-07,アパート 楽器相談,jpn,0,1,0.0%,34.0
2026-03-07,アース ノイズ 対策,jpn,0,1,0.0%,98.0
2026-03-07,アース ライン ノイズ 対策,jpn,0,1,0.0%,63.0
2026-03-07,アース 線 ノイズ 対策,jpn,0,1,0.0%,34.0
2026-03-07,グランド ループ ノイズ 対策,jpn,0,1,0.0%,33.0
2026-03-07,ゲーム実況 防音,jpn,0,1,0.0%,47.0
2026-03-07,チェロ 防音マット,jpn,0,1,0.0%,22.0
2026-03-07,ノイズ アース,jpn,0,1,0.0%,91.0
2026-03-07,ノイズ アース 対策,jpn,0,1,0.0%,48.0
2026-03-07,ノイズ 対策 アース,jpn,0,1,0.0%,54.0
2026-03-07,ピアノ教室 防音室,jpn,0,1,0.0%,82.0
2026-03-07,一戸建て 騒音苦情,jpn,0,1,0.0%,33.0
2026-03-07,吸音材 遮音材 順番,jpn,0,1,0.0%,14.0
2026-03-07,壁 防音 リフォーム,jpn,0,1,0.0%,22.0
2026-03-07,日本 集合住宅 遮音基準 欧米比較,deu,0,1,0.0%,1.0
2026-03-07,簡易 防音室 ゲーム,jpn,0,1,0.0%,48.0
2026-03-07,配信部屋 レイアウト,jpn,0,1,0.0%,13.0
2026-03-07,防音 マンション 大阪,jpn,0,1,0.0%,69.0
2026-03-07,防音室 エアコン,jpn,0,1,0.0%,60.0
2026-03-07,防音室 作り方,jpn,0,1,0.0%,58.0
2026-03-07,防音室 価格,jpn,0,1,0.0%,42.0
2026-03-07,防音室 値段,jpn,0,1,0.0%,66.0
2026-03-07,防音室 安い おすすめ,jpn,0,1,0.0%,13.0
2026-03-07,防音室 工事 見積もり,jpn,0,1,0.0%,94.0
2026-03-07,防音室 有線lan,jpn,0,1,0.0%,18.0
2026-03-07,防音室 狭くなる,jpn,0,1,0.0%,46.0
2026-03-07,防音室 自作,jpn,0,1,0.0%,60.0
2026-03-07,防音室安い,jpn,0,1,0.0%,20.0
2026-03-07,防音工事 種類,jpn,0,1,0.0%,91.0
2026-03-07,音に過敏 イライラ 対処法,jpn,0,1,0.0%,62.0
2026-03-08,bouon,ita,0,1,0.0%,7.0
2026-03-08,japan acoustic insulation market,jpn,0,1,0.0%,73.0
2026-03-08,musision,aus,0,1,0.0%,4.0
2026-03-08,piano soundproofing,usa,0,1,0.0%,41.0
2026-03-08,yamaha avitecs,mys,0,1,0.0%,6.0
2026-03-08,アビテックス 賃貸 許可,jpn,0,1,0.0%,10.0
2026-03-08,伊丹 空港 騒音 補助金 いくら,jpn,0,1,0.0%,15.0
2026-03-08,吸音材 貼り方 位置,jpn,0,1,0.0%,26.0
2026-03-08,大阪 防音室 賃貸,jpn,0,1,0.0%,39.0
2026-03-08,日本 集合住宅 遮音基準 欧米比較,can,0,1,0.0%,1.0
2026-03-08,聴覚過敏 治し方,jpn,0,1,0.0%,90.0
2026-03-08,賃貸 防音 室 許可,jpn,0,1,0.0%,17.0
2026-03-08,部屋を防音室にしたい,jpn,0,1,0.0%,65.0
2026-03-08,配信部屋 レイアウト,jpn,0,1,0.0%,12.0
2026-03-08,防音 リフォーム 補助金,jpn,0,1,0.0%,69.0
2026-03-08,防音 工事 見積もり,jpn,0,1,0.0%,99.0
2026-03-08,防音壁 diy,jpn,0,1,0.0%,37.0
2026-03-08,防音室 10畳,jpn,0,1,0.0%,39.0
2026-03-08,防音室 6畳 自作,jpn,0,1,0.0%,65.0
2026-03-08,防音室 diy,jpn,0,1,0.0%,50.0
2026-03-08,防音室 ギター,jpn,0,1,0.0%,73.0
2026-03-08,防音室 クローゼット,jpn,0,1,0.0%,58.0
2026-03-08,防音室 グランドピアノ,jpn,0,1,0.0%,64.0
2026-03-08,防音室 スポットクーラー,jpn,0,1,0.0%,11.0
2026-03-08,防音室 ドラム,jpn,0,1,0.0%,50.0
2026-03-08,防音室 ピアノ,jpn,0,1,0.0%,67.0
2026-03-08,防音室 マンション 設置,jpn,0,1,0.0%,62.0
2026-03-08,防音室 作り方,deu,0,1,0.0%,67.0
2026-03-08,防音室 価格,jpn,0,1,0.0%,40.0
2026-03-08,防音室 値段,jpn,0,1,0.0%,40.0
2026-03-08,防音室 安い,jpn,0,1,0.0%,21.0
2026-03-08,防音室 構造,jpn,0,1,0.0%,52.0
2026-03-08,防音室 自作,jpn,0,1,0.0%,58.0
2026-03-08,防音室 電子ドラム,jpn,0,1,0.0%,38.0
2026-03-08,防音室付き 賃貸 神奈川,jpn,0,1,0.0%,41.0
2026-03-08,防音工事 デメリット,jpn,0,1,0.0%,42.0
2026-03-08,防音工事 種類,jpn,0,1,0.0%,77.0
2026-03-08,防音工事 補助金,jpn,0,1,0.0%,61.0
2026-03-09,cheapest way to soundproof a room,usa,0,1,0.0%,64.0
2026-03-09,how expensive is it to soundproof a room,usa,0,1,0.0%,46.0
2026-03-09,how much is sound proofing,usa,0,1,0.0%,70.0
2026-03-09,how to cheaply soundproof a room,usa,0,1,0.0%,41.0
2026-03-09,how to soundproof a room on a budget,usa,0,1,0.0%,79.0
2026-03-09,otodasu 賃貸 許可,jpn,0,1,0.0%,11.0
2026-03-09,wii fit 防音 マット 足音 振動,jpn,0,1,0.0%,20.0
2026-03-09,アビテックス 賃貸 許可,jpn,0,1,0.0%,12.0
2026-03-09,キーボード 打鍵音対策,jpn,0,1,0.0%,30.0
2026-03-09,クローゼット 防音室 作り方,jpn,0,1,0.0%,14.0
2026-03-09,グランド ループ 対策,jpn,0,1,0.0%,77.0
2026-03-09,ゲーム 防音室 自作,jpn,0,1,0.0%,17.0
2026-03-09,ベーストラップ,jpn,0,1,0.0%,30.0
2026-03-09,ミュージション 評判,twn,0,1,0.0%,8.0
2026-03-09,ワンタッチ防音壁 効果,jpn,0,1,0.0%,16.0
2026-03-09,一戸建て 騒音苦情,jpn,0,1,0.0%,27.0
2026-03-09,吸音材 貼り方 位置,jpn,0,1,0.0%,22.0
2026-03-09,賃貸 防音 室 許可,jpn,0,1,0.0%,20.0
2026-03-09,部屋 防音 ゲーム,jpn,0,1,0.0%,99.0
2026-03-09,配信部屋,jpn,0,1,0.0%,61.0
2026-03-09,防音 室 値段,jpn,0,1,0.0%,47.0
2026-03-09,防音室 工事 賃貸,jpn,0,1,0.0%,75.0
2026-03-09,防音室 自作,jpn,0,1,0.0%,61.0
2026-03-09,防音工事 種類,jpn,0,1,0.0%,98.0
2026-03-09,音響材料市場,jpn,0,1,0.0%,55.0
2026-03-10,bouon,usa,0,1,0.0%,4.0
2026-03-10,cheap ways to soundproof a room,isr,0,1,0.0%,73.0
2026-03-10,how expensive is it to soundproof a room,usa,0,1,0.0%,40.0
2026-03-10,how much does it cost to soundproof a bedroom,usa,0,1,0.0%,57.0
2026-03-10,how much is sound proof,usa,0,1,0.0%,92.0
2026-03-10,pa ノイズ 対策,jpn,0,1,0.0%,42.0
2026-03-10,クローゼット 防音室 自作,jpn,0,1,0.0%,18.0
2026-03-10,グランド ループ 対策,jpn,0,1,0.0%,80.0
2026-03-10,ダイナミック マイク 距離,jpn,0,1,0.0%,60.0
2026-03-10,ノイズ アース,jpn,0,1,0.0%,92.0
2026-03-10,ノイズ アース 対策,jpn,0,1,0.0%,98.0
2026-03-10,ノイズ アース 線,jpn,0,1,0.0%,81.0
2026-03-10,ミュージション 評判,jpn,0,1,0.0%,12.0
2026-03-10,ライブ配信者 自宅特定対策,jpn,0,1,0.0%,50.0
2026-03-10,一人暮らし 配信 防音,kor,0,1,0.0%,11.0
2026-03-10,一戸建て 騒音苦情,jpn,0,1,0.0%,28.0
2026-03-10,賃貸 防音 室 許可,jpn,0,1,0.0%,16.0
2026-03-10,賃貸 防音 対策 ゲーム,jpn,0,1,0.0%,29.0
2026-03-10,配信者 部屋,jpn,0,1,0.0%,65.0
2026-03-10,防音室 エアコンなし,jpn,0,1,0.0%,16.0
2026-03-10,防音室 ローン,jpn,0,1,0.0%,11.0
2026-03-10,防音室 引越し,jpn,0,1,0.0%,14.0
2026-03-10,防音室 移設 費用,jpn,0,1,0.0%,25.0
2026-03-10,防音工事 種類,jpn,0,1,0.0%,96.0
2026-03-10,静音リング 100 均,jpn,0,1,0.0%,11.0
2026-03-11,how much does it cost to soundproof a room,usa,0,1,0.0%,46.0
2026-03-11,musision,gbr,0,1,0.0%,10.0
2026-03-11,musision,ind,0,1,0.0%,7.0
2026-03-11,otodasu 賃貸 許可,jpn,0,1,0.0%,13.0
2026-03-11,pa ノイズ 対策,jpn,0,1,0.0%,46.0
2026-03-11,wii fit 防音 マット 足音 振動,jpn,0,1,0.0%,15.0
2026-03-11,アース 線 ノイズ 対策,jpn,0,1,0.0%,89.0
2026-03-11,グランド ループ 対策,jpn,0,1,0.0%,79.0
2026-03-11,ノイズ アース,jpn,0,1,0.0%,96.0
2026-03-11,ノイズ アース 線,jpn,0,1,0.0%,82.0
2026-03-11,ノイズ 対策 アース,jpn,0,1,0.0%,89.0
2026-03-11,ハムノイズ,jpn,0,1,0.0%,72.0
2026-03-11,ピアノ 住宅ローン,jpn,0,1,0.0%,40.0
2026-03-11,ポッドキャストマイク,jpn,0,1,0.0%,65.0
2026-03-11,リフォーム 防音壁,jpn,0,1,0.0%,75.0
2026-03-11,ワンルーム 騒音,jpn,0,1,0.0%,58.0
2026-03-11,京都 防音 物件,jpn,0,1,0.0%,48.0
2026-03-11,神奈川 防音室,jpn,0,1,0.0%,47.0
2026-03-11,神戸市 防音室,jpn,0,1,0.0%,40.0
2026-03-11,賃貸 防音室 大阪,jpn,0,1,0.0%,35.0
2026-03-11,防音 アパート 埼玉,jpn,0,1,0.0%,46.0
2026-03-11,防音 室 価格,jpn,0,1,0.0%,35.0
2026-03-11,防音 室 値段,jpn,0,1,0.0%,48.0
2026-03-11,防音 賃貸 千葉,jpn,0,1,0.0%,41.0
2026-03-11,防音 賃貸 埼玉,jpn,0,1,0.0%,45.0
2026-03-11,防音 賃貸 大阪,jpn,0,1,0.0%,45.0
2026-03-11,防音壁 工事,jpn,0,1,0.0%,62.0
2026-03-11,防音室 ローン,jpn,0,1,0.0%,11.0
2026-03-11,防音室 価格,jpn,0,1,0.0%,35.0
2026-03-11,防音室 工事 見積もり,jpn,0,1,0.0%,99.0
2026-03-11,防音室 移設 費用,jpn,0,1,0.0%,25.0
2026-03-11,防音室 賃貸 大阪,jpn,0,1,0.0%,41.0
2026-03-11,防音室 賃貸 神奈川,jpn,0,1,0.0%,36.0
2026-03-11,防音室 賃貸 神戸,jpn,0,1,0.0%,23.0
2026-03-11,防音工事 種類,jpn,0,1,0.0%,74.0
2026-03-12,bouon,swe,0,1,0.0%,6.0
2026-03-12,how much to soundproof a room,usa,0,1,0.0%,58.0
2026-03-12,how to cheaply soundproof a room,dza,0,1,0.0%,65.0
2026-03-12,japan acoustic insulation market,jpn,0,1,0.0%,76.0
2026-03-12,musision,jpn,0,1,0.0%,41.0
2026-03-12,sound proof room making cost,mys,0,1,0.0%,27.0
2026-03-12,soundproof mask,sau,0,1,0.0%,34.0
2026-03-12,soundproof room for rent,vnm,0,1,0.0%,42.0
2026-03-12,ディスク ふにゃふにゃシステム 苦情,jpn,0,1,0.0%,14.0
2026-03-12,ノイズ アース,jpn,0,1,0.0%,97.0
2026-03-12,ノイズ 対策 アース,jpn,0,1,0.0%,86.0
2026-03-12,ミュージション,jpn,0,1,0.0%,10.0
2026-03-12,仙台 防音,jpn,0,1,0.0%,49.0
2026-03-12,仙台 防音 賃貸,jpn,0,1,0.0%,40.0
2026-03-12,吸音材 貼り方 位置,jpn,0,1,0.0%,23.0
2026-03-12,吸音材 遮音材 違い グラフ,jpn,0,1,0.0%,41.0
2026-03-12,吸音材 遮音材 違い 効果,jpn,0,1,0.0%,35.0
2026-03-12,楽器可 防音性能 db,jpn,0,1,0.0%,39.0
2026-03-12,神奈川 防音室,jpn,0,1,0.0%,46.0
2026-03-12,自作防音室,jpn,0,1,0.0%,66.0
2026-03-12,賃貸 防音 大阪,jpn,0,1,0.0%,46.0
2026-03-12,賃貸 防音 室 許可,jpn,0,1,0.0%,16.0
2026-03-12,賃貸 防音 神奈川,jpn,0,1,0.0%,48.0
2026-03-12,賃貸 防音室 大阪,jpn,0,1,0.0%,33.0
2026-03-12,配信部屋 防音 賃貸,jpn,0,1,0.0%,33.0
2026-03-12,防音 アパート 埼玉,jpn,0,1,0.0%,47.0
2026-03-12,防音 賃貸 関西,jpn,0,1,0.0%,43.0
2026-03-12,防音 賃貸マンション 神奈川,jpn,0,1,0.0%,50.0
2026-03-12,防音室 400万,jpn,0,1,0.0%,16.0
2026-03-12,防音室 diy,jpn,0,1,0.0%,41.0
2026-03-12,防音室 値段,jpn,0,1,0.0%,39.0
2026-03-12,防音室 加湿器,jpn,0,1,0.0%,1.0
2026-03-12,防音室 埼玉,jpn,0,1,0.0%,44.0
2026-03-12,防音室 工事 賃貸,jpn,0,1,0.0%,76.0
2026-03-12,防音室 暑い,jpn,0,1,0.0%,22.0
2026-03-12,防音室 物件 大阪,jpn,0,1,0.0%,48.0
2026-03-12,防音室 賃貸 横浜,jpn,0,1,0.0%,48.0
2026-03-12,防音室 賃貸 神奈川,jpn,0,1,0.0%,37.0
2026-03-12,防音室 賃貸 神戸,jpn,0,1,0.0%,37.0
2026-03-12,防音工事 埼玉,jpn,0,1,0.0%,72.0
2026-03-12,防音工事 神戸,jpn,0,1,0.0%,70.0
2026-03-12,防音賃貸 横浜 防音室,jpn,0,1,0.0%,48.0
2026-03-12,隣人 楽器 演奏 時間帯,jpn,0,1,0.0%,21.0
2026-03-12,電子ドラム 防音室,jpn,0,1,0.0%,91.0
2026-03-13,does cardboard absorb sound,usa,0,1,0.0%,48.0
2026-03-13,how much does a soundproof room cost,gbr,0,1,0.0%,80.0
2026-03-13,how much does it cost to soundproof a room,usa,0,1,0.0%,56.0
2026-03-13,otodasu 賃貸 許可,jpn,0,1,0.0%,11.0
2026-03-13,pa ノイズ 対策,jpn,0,1,0.0%,39.0
2026-03-13,アビテックス 賃貸 許可,fra,0,1,0.0%,8.0
2026-03-13,アース 線 ノイズ 対策,jpn,0,1,0.0%,81.0
2026-03-13,グランド ループ 対策,jpn,0,1,0.0%,55.0
2026-03-13,ディスク ふにゃふにゃシステム 苦情,jpn,0,1,0.0%,16.0
2026-03-13,ニトリ 防音 壁 効果,jpn,0,1,0.0%,10.0
2026-03-13,ノイズ アース 線,jpn,0,1,0.0%,87.0
2026-03-13,ピアノ 住宅ローン,jpn,0,1,0.0%,49.0
2026-03-13,ベース トラップ 自作,jpn,0,1,0.0%,37.0
2026-03-13,ベーストラップ,jpn,0,1,0.0%,23.0
2026-03-13,一戸建て 騒音苦情,jpn,0,1,0.0%,28.0
2026-03-13,二重窓 防音 どのくらい,jpn,0,1,0.0%,77.0
2026-03-13,吸音材 効果 ない,jpn,0,1,0.0%,19.0
2026-03-13,賃貸 防音 室 許可,jpn,0,1,0.0%,20.0
2026-03-13,防音 テント ニトリ,jpn,0,1,0.0%,26.0
2026-03-13,防音 マスク 自作,jpn,0,1,0.0%,31.0
2026-03-13,防音 壁 工事,jpn,0,1,0.0%,69.0
2026-03-13,防音 大阪,jpn,0,1,0.0%,80.0
2026-03-13,防音 安価,jpn,0,1,0.0%,30.0
2026-03-13,防音 工事 補助 金,jpn,0,1,0.0%,58.0
2026-03-13,防音シート 窓 ニトリ 効果,jpn,0,1,0.0%,27.0
2026-03-13,防音テント ニトリ,jpn,0,1,0.0%,22.0
2026-03-13,防音壁 工事,jpn,0,1,0.0%,64.0
2026-03-13,防音壁工事,jpn,0,1,0.0%,65.0
2026-03-13,防音室 いくら,jpn,0,1,0.0%,63.0
2026-03-13,防音室 サブスク,jpn,0,1,0.0%,20.0
2026-03-13,防音室 安い,jpn,0,1,0.0%,29.0
2026-03-13,防音室 工事 賃貸,jpn,0,1,0.0%,78.0
2026-03-13,防音室 自作 ゲーム,jpn,0,1,0.0%,29.0
2026-03-13,防音室 見積もり,jpn,0,1,0.0%,65.0
2026-03-13,防音工事 種類,jpn,0,1,0.0%,96.0
2026-03-13,防音工事補助金,jpn,0,1,0.0%,54.0
2026-03-13,電子ドラム 防音室,jpn,0,1,0.0%,84.0
2026-03-14,cost to soundproof a room,mex,0,1,0.0%,51.0
2026-03-14,how much will it cost to soundproof a room,usa,0,1,0.0%,48.0
2026-03-14,how to soundproof a room cheaply,usa,0,1,0.0%,88.0
2026-03-14,otodasu だんぼっち 比較,jpn,0,1,0.0%,31.0
2026-03-14,アース 線 ノイズ 対策,jpn,0,1,0.0%,79.0
2026-03-14,クローゼット 防音室,jpn,0,1,0.0%,82.0
2026-03-14,グランド ループ ノイズ 対策,jpn,0,1,0.0%,82.0
2026-03-14,グランド ループ 対策,jpn,0,1,0.0%,56.0
2026-03-14,ゲーム 声 うるさい 防音,jpn,0,1,0.0%,80.0
2026-03-14,ゲーム実況 防音,jpn,0,1,0.0%,82.0
2026-03-14,ニトリ 防音 壁 効果,jpn,0,1,0.0%,10.0
2026-03-14,ノイズ アース 対策,jpn,0,1,0.0%,93.0
2026-03-14,ノイズ アース 線,jpn,0,1,0.0%,89.0
2026-03-14,ピアノ 住宅ローン,jpn,0,1,0.0%,45.0
2026-03-14,ピアノ教室 防音室,jpn,0,1,0.0%,100.0
2026-03-14,ピアノ防音 京都,jpn,0,1,0.0%,65.0
2026-03-14,マンション防音工事 大阪,jpn,0,1,0.0%,79.0
2026-03-14,マンション防音工事 神戸,jpn,0,1,0.0%,61.0
2026-03-14,ワンタッチ防音壁 効果,jpn,0,1,0.0%,15.0
2026-03-14,ワンタッチ防音壁 評判,jpn,0,1,0.0%,24.0
2026-03-14,伊丹 空港 騒音 補助金 いくら,jpn,0,1,0.0%,9.0
2026-03-14,吸音材 遮音材 順番,jpn,0,1,0.0%,19.0
2026-03-14,打楽器 防音,jpn,0,1,0.0%,74.0
2026-03-14,賃貸 防音 diy,jpn,0,1,0.0%,59.0
2026-03-14,防音 ノウハウ,jpn,0,1,0.0%,100.0
2026-03-14,防音 室 値段,jpn,0,1,0.0%,40.0
2026-03-14,防音 室 値段 6 畳,jpn,0,1,0.0%,57.0
2026-03-14,防音 室 壁 構造,jpn,0,1,0.0%,98.0
2026-03-14,防音 性能表記,jpn,0,1,0.0%,74.0
2026-03-14,防音リフォーム 神戸,jpn,0,1,0.0%,69.0
2026-03-14,防音室 安い,jpn,0,1,0.0%,24.0
2026-03-14,防音室 有線lan,jpn,0,1,0.0%,12.0
2026-03-14,防音室 自作 ゲーム,jpn,0,1,0.0%,25.0
2026-03-14,防音室 自作 失敗,jpn,0,1,0.0%,30.0
2026-03-14,防音室 見積もり,jpn,0,1,0.0%,35.0
2026-03-14,防音室 買取,jpn,0,1,0.0%,51.0
2026-03-14,防音室買取,jpn,0,1,0.0%,52.0
2026-03-14,防音室買取 九州,jpn,0,1,0.0%,42.0
2026-03-14,防音室買取 東京,jpn,0,1,0.0%,61.0
2026-03-14,防音工事 神戸,jpn,0,1,0.0%,68.0
2026-03-14,防音工事 種類,jpn,0,1,0.0%,93.0
2026-03-14,音の自由区 価格,jpn,0,1,0.0%,10.0
2026-03-15,avitecs,ita,0,1,0.0%,4.0
2026-03-15,does styrofoam absorb sound,gbr,0,1,0.0%,19.0
2026-03-15,how much does it cost to soundproof a room,usa,0,1,0.0%,90.0
2026-03-15,how to soundproof a room cheap,mus,0,1,0.0%,68.0
2026-03-15,otodasu 賃貸 許可,jpn,0,1,0.0%,12.0
2026-03-15,sound privacy,gbr,0,1,0.0%,89.0
2026-03-15,styrofoam noise reduction,gbr,0,1,0.0%,24.0
2026-03-15,ドラム 防音室,jpn,0,1,0.0%,79.0
2026-03-15,ニトリ 防音 壁 効果,jpn,0,1,0.0%,12.0
2026-03-15,マンション 楽器 何時まで,jpn,0,1,0.0%,19.0
2026-03-15,賃貸 防音 室 許可,jpn,0,1,0.0%,18.0
2026-03-15,配信者 部屋,jpn,0,1,0.0%,67.0
2026-03-15,防音 室 値段,jpn,0,1,0.0%,44.0
2026-03-15,防音 室 構造,jpn,0,1,0.0%,43.0
2026-03-15,防音室 6畳 自作,jpn,0,1,0.0%,51.0
2026-03-15,防音室 diy,jpn,0,1,0.0%,48.0
2026-03-15,防音室 ギター,jpn,0,1,0.0%,73.0
2026-03-15,防音室 クローゼット,jpn,0,1,0.0%,56.0
2026-03-15,防音室 サブスク,jpn,0,1,0.0%,17.0
2026-03-15,防音室 ドラム,jpn,0,1,0.0%,87.0
2026-03-15,防音室 ピアノ,jpn,0,1,0.0%,68.0
2026-03-15,防音室 マンション 設置,jpn,0,1,0.0%,35.0
2026-03-15,防音室 ローン,jpn,0,1,0.0%,11.0
2026-03-15,防音室 値段,jpn,0,1,0.0%,38.0
2026-03-15,防音室 工事 見積もり,jpn,0,1,0.0%,95.0
2026-03-15,防音室 構造,jpn,0,1,0.0%,50.0
2026-03-15,防音室 買取,jpn,0,1,0.0%,48.0
2026-03-15,防音室 電子ドラム,jpn,0,1,0.0%,46.0
2026-03-15,防音工事 デメリット,jpn,0,1,0.0%,40.0
2026-03-15,防音工事 種類,jpn,0,1,0.0%,96.0
2026-03-15,防音工事 補助金,jpn,0,1,0.0%,62.0
2026-03-15,電子 ドラム 騒音,jpn,0,1,0.0%,72.0
2026-03-16,average cost to soundproof a room,gbr,0,1,0.0%,79.0
2026-03-16,bouon,esp,0,1,0.0%,5.0
2026-03-16,bouon,usa,0,1,0.0%,3.0
2026-03-16,how much does it cost to build a soundproof room,gbr,0,1,0.0%,56.0
2026-03-16,how much does it cost to make a room soundproof,gbr,0,1,0.0%,62.0
2026-03-16,is polystyrene a good sound insulator,gbr,0,1,0.0%,31.0
2026-03-16,is styrofoam a good sound barrier,gbr,0,1,0.0%,15.0
2026-03-16,pa ノイズ 対策,jpn,0,1,0.0%,43.0
2026-03-16,piano soundproofing,gbr,0,1,0.0%,48.0
2026-03-16,styrofoam as sound insulation,zwe,0,1,0.0%,21.0
2026-03-16,vtuber 防音室 おすすめ,jpn,0,1,0.0%,21.0
2026-03-16,アース 線 ノイズ 対策,jpn,0,1,0.0%,93.0
2026-03-16,グランド ループ 対策,jpn,0,1,0.0%,67.0
2026-03-16,テレワーク 隣人 うるさい,jpn,0,1,0.0%,57.0
2026-03-16,ノイズ アース 対策,jpn,0,1,0.0%,86.0
2026-03-16,ノイズ アース 線,jpn,0,1,0.0%,88.0
2026-03-16,ノイズ 対策 アース,jpn,0,1,0.0%,89.0
2026-03-16,ピアノ 住宅ローン,jpn,0,1,0.0%,41.0
2026-03-16,マンション 防音室,jpn,0,1,0.0%,51.0
2026-03-16,ヤマハ 防音室 賃貸,jpn,0,1,0.0%,20.0
2026-03-16,吸音 ウォールパネル ニトリ 効果,jpn,0,1,0.0%,11.0
2026-03-16,壁 防音 工事 費用,jpn,0,1,0.0%,95.0
2026-03-16,大宮 防音室,jpn,0,1,0.0%,19.0
2026-03-16,賃貸 防音 室 許可,jpn,0,1,0.0%,19.0
2026-03-16,防音 室 自作,jpn,0,1,0.0%,69.0
2026-03-16,防音室 買取,jpn,0,1,0.0%,50.0
2026-03-16,防音室値段,jpn,0,1,0.0%,32.0
2026-03-16,防音室自作,jpn,0,1,0.0%,51.0
2026-03-16,防音工事 種類,jpn,0,1,0.0%,98.0
2026-03-17,bouon,usa,0,1,0.0%,10.0
2026-03-17,dr-35 dr-40 違い,jpn,0,1,0.0%,13.0
2026-03-17,how much does a soundproof room cost,gbr,0,1,0.0%,78.0
2026-03-17,how much does it cost to soundproof a room,usa,0,1,0.0%,84.0
2026-03-17,how to soundproof a room cheaply,usa,0,1,0.0%,66.0
2026-03-17,how to soundproof a room for cheap,usa,0,1,0.0%,69.0
2026-03-17,pa ノイズ 対策,jpn,0,1,0.0%,45.0
2026-03-17,wii fit 防音 マット 足音 振動,jpn,0,1,0.0%,19.0
2026-03-17,アース 線 ノイズ 対策,jpn,0,1,0.0%,83.0
2026-03-17,キーボード音 対策,jpn,0,1,0.0%,27.0
2026-03-17,グランド ループ ノイズ 対策,jpn,0,1,0.0%,54.0
2026-03-17,グランド ループ 対策,jpn,0,1,0.0%,61.0
2026-03-17,ニトリ 防音壁 効果,jpn,0,1,0.0%,7.0
2026-03-17,ノイズ アース 対策,jpn,0,1,0.0%,90.0
2026-03-17,ノイズ アース 線,jpn,0,1,0.0%,89.0
2026-03-17,ノイズ 対策 アース,jpn,0,1,0.0%,86.0
2026-03-17,ベーストラップ 自作,jpn,0,1,0.0%,14.0
2026-03-17,マンション防音室,jpn,0,1,0.0%,44.0
2026-03-17,ワンタッチ 防音 壁 賃貸,jpn,0,1,0.0%,26.0
2026-03-17,仙台 防音室 賃貸,jpn,0,1,0.0%,22.0
2026-03-17,吸音 パネル ニトリ,jpn,0,1,0.0%,41.0
2026-03-17,吸音パネル ニトリ,jpn,0,1,0.0%,52.0
2026-03-17,賃貸 防音 室 許可,jpn,0,1,0.0%,16.0
2026-03-17,賃貸 防音室 許可 なぜ,jpn,0,1,0.0%,14.0
2026-03-17,配信 部屋,jpn,0,1,0.0%,40.0
2026-03-17,防音シート 壁 ニトリ 効果,jpn,0,1,0.0%,17.0
2026-03-17,防音シート 窓 ニトリ 効果,jpn,0,1,0.0%,19.0
2026-03-17,防音マスク ゲーム 自作,jpn,0,1,0.0%,9.0
2026-03-17,防音室 10畳,jpn,0,1,0.0%,47.0
2026-03-17,防音室 4畳 値段,jpn,0,1,0.0%,20.0
2026-03-17,防音室 diy,jpn,0,1,0.0%,68.0
2026-03-17,防音室 wifi,jpn,0,1,0.0%,12.0
2026-03-17,防音室 ゲーム配信,jpn,0,1,0.0%,43.0
2026-03-17,防音室 仕組み,jpn,0,1,0.0%,19.0
2026-03-17,防音室 値段,jpn,0,1,0.0%,44.0
2026-03-17,防音室 工事 賃貸,jpn,0,1,0.0%,99.0
2026-03-17,防音室 買取,jpn,0,1,0.0%,46.0
2026-03-17,防音工事 神戸,jpn,0,1,0.0%,64.0
2026-03-17,防音工事 種類,jpn,0,1,0.0%,90.0
2026-03-18,cost of soundproofing a room,bra,0,1,0.0%,82.0
2026-03-18,cost of soundproofing room,gbr,0,1,0.0%,72.0
2026-03-18,cost to soundproof room,usa,0,1,0.0%,63.0
2026-03-18,how much does it cost to soundproof a room,usa,0,1,0.0%,85.0
2026-03-18,web会議 集中 生活音,jpn,0,1,0.0%,41.0
2026-03-18,wii fit 防音 マット 足音 振動,jpn,0,1,0.0%,14.0
2026-03-18,yamaha avitecs,pol,0,1,0.0%,11.0
2026-03-18,グランド ループ 対策,jpn,0,1,0.0%,58.0
2026-03-18,ディスク ふにゃふにゃシステム 苦情,jpn,0,1,0.0%,15.0
2026-03-18,ノイズ アース 線,jpn,0,1,0.0%,82.0
2026-03-18,ピアノ 打鍵音 振動 音 対策,jpn,0,1,0.0%,26.0
2026-03-18,マンション 防音室,jpn,0,1,0.0%,76.0
2026-03-18,ワンタッチ 防音 壁 買う前,jpn,0,1,0.0%,26.0
2026-03-18,吸音ウォールパネル ニトリ 効果,jpn,0,1,0.0%,10.0
2026-03-18,壁に貼る 防音シート 賃貸 ニトリ,jpn,0,1,0.0%,48.0
2026-03-18,賃貸 防音 室 許可,jpn,0,1,0.0%,15.0
2026-03-18,賃貸 防音 神奈川,jpn,0,1,0.0%,49.0
2026-03-18,賃貸 防音室 大阪,jpn,0,1,0.0%,45.0
2026-03-18,賃貸 防音室 許可 なぜ,jpn,0,1,0.0%,12.0
2026-03-18,遮音 吸音 違い,jpn,0,1,0.0%,63.0
2026-03-18,防音 アパート 埼玉,jpn,0,1,0.0%,49.0
2026-03-18,防音 マット ニトリ 効果,jpn,0,1,0.0%,45.0
2026-03-18,防音 室 自作,jpn,0,1,0.0%,76.0
2026-03-18,防音 賃貸 京都,jpn,0,1,0.0%,43.0
2026-03-18,防音 賃貸 千葉,jpn,0,1,0.0%,48.0
2026-03-18,防音 賃貸 埼玉,jpn,0,1,0.0%,43.0
2026-03-18,防音 賃貸 大阪,jpn,0,1,0.0%,49.0
2026-03-18,防音 賃貸 福岡,jpn,0,1,0.0%,44.0
2026-03-18,防音マスク 自作,jpn,0,1,0.0%,28.0
2026-03-18,防音室 工事 賃貸,jpn,0,1,0.0%,71.0
2026-03-18,防音室 賃貸 千葉,jpn,0,1,0.0%,34.0
2026-03-18,防音室 賃貸 埼玉,jpn,0,1,0.0%,29.0
2026-03-18,防音室 賃貸 大阪,jpn,0,1,0.0%,48.0
2026-03-18,防音室 賃貸 神奈川,jpn,0,1,0.0%,39.0
2026-03-18,防音室 賃貸 神戸,jpn,0,1,0.0%,37.0
2026-03-18,防音室 賃貸 関西,jpn,0,1,0.0%,48.0
2026-03-18,防音工事 種類,jpn,0,1,0.0%,98.0
2026-03-19,asmr 市場規模,jpn,0,1,0.0%,12.0
2026-03-19,cheap way to soundproof a room,usa,0,1,0.0%,73.0
2026-03-19,cost to soundproof room,usa,0,1,0.0%,64.0
2026-03-19,how much does it cost to soundproof a room,usa,0,1,0.0%,81.0
2026-03-19,how to measure soundproofing,usa,0,1,0.0%,48.0
2026-03-19,misophonia noise sensitivity / hyperacusis difference,jpn,0,1,0.0%,55.0
2026-03-19,musision,gbr,0,1,0.0%,47.0
2026-03-19,musision,jpn,0,1,0.0%,29.0
2026-03-19,otodasu 賃貸 許可,jpn,0,1,0.0%,18.0
2026-03-19,price of soundproofing a room,usa,0,1,0.0%,86.0
2026-03-19,soundproof measurement,mex,0,1,0.0%,57.0
2026-03-19,soundproof measurement,nld,0,1,0.0%,54.0
2026-03-19,wii fit 防音 マット 足音 振動,jpn,0,1,0.0%,12.0
2026-03-19,グランド ループ 対策,jpn,0,1,0.0%,61.0
2026-03-19,ゲーム 防音室 自作,jpn,0,1,0.0%,24.0
2026-03-19,ノイズ アース 線,jpn,0,1,0.0%,88.0
2026-03-19,吸音材 遮音材 違い 効果,jpn,0,1,0.0%,43.0
2026-03-19,宅録 防音 クローゼット,jpn,0,1,0.0%,17.0
2026-03-19,賃貸 防音 大阪,jpn,0,1,0.0%,47.0
2026-03-19,配信部屋レイアウト,jpn,0,1,0.0%,17.0
2026-03-19,防音 マンション 神奈川,jpn,0,1,0.0%,45.0
2026-03-19,防音 室 値段,jpn,0,1,0.0%,47.0
2026-03-19,防音 賃貸 京都,jpn,0,1,0.0%,44.0
2026-03-19,防音 賃貸 千葉,jpn,0,1,0.0%,41.0
2026-03-19,防音 賃貸 大阪,jpn,0,1,0.0%,49.0
2026-03-19,防音 賃貸 福岡,jpn,0,1,0.0%,48.0
2026-03-19,防音マスク 自作,jpn,0,1,0.0%,25.0
2026-03-19,防音室 100万,bra,0,1,0.0%,31.0
2026-03-19,防音室 暑い,jpn,0,1,0.0%,34.0
2026-03-19,防音室 自作 費用,jpn,0,1,0.0%,23.0
2026-03-19,防音室 賃貸 大阪,jpn,0,1,0.0%,45.0
2026-03-19,防音室 賃貸 横浜,jpn,0,1,0.0%,44.0
2026-03-19,防音室 賃貸 神奈川,jpn,0,1,0.0%,32.0
2026-03-19,防音工事 神戸,jpn,0,1,0.0%,67.0
2026-03-19,防音工事 種類,jpn,0,1,0.0%,92.0
2026-03-19,隣人 楽器 演奏 時間帯,jpn,0,1,0.0%,22.0
2026-03-19,騒音対策 科学的な遮音・吸音の使い分け,jpn,0,1,0.0%,44.0
2026-03-20,cost to soundproof a room,usa,0,1,0.0%,83.0
2026-03-20,how much is soundproofing a room,usa,0,1,0.0%,86.0
2026-03-20,how much to soundproof a room,usa,0,1,0.0%,94.0
2026-03-20,soundproof measurement,can,0,1,0.0%,56.0
2026-03-20,soundproof measurement,usa,0,1,0.0%,46.0
2026-03-20,soundproof rooms for rent,usa,0,1,0.0%,60.0
2026-03-20,styrofoam soundproofing,usa,0,1,0.0%,45.0
2026-03-20,キーボード 打鍵音対策,jpn,0,1,0.0%,27.0
2026-03-20,グランド ループ 対策,jpn,0,1,0.0%,53.0
2026-03-20,防音マスク ゲーム 自作,jpn,0,1,0.0%,15.0
2026-03-20,防音室 価格,jpn,0,1,0.0%,40.0
2026-03-20,防音室 自作,jpn,0,1,0.0%,73.0
2026-03-20,防音室 買取,jpn,0,1,0.0%,48.0
2026-03-20,防音工事 種類,jpn,0,1,0.0%,92.0
2026-03-21,bouon,chl,0,1,0.0%,8.0
2026-03-21,cheap way to soundproof a room,usa,0,1,0.0%,79.0
2026-03-21,cheap ways to soundproof a room,usa,0,1,0.0%,85.0
2026-03-21,cheapest way to soundproof a room,usa,0,1,0.0%,67.0
2026-03-21,cost to soundproof a room,bra,0,1,0.0%,79.0
2026-03-21,diy 防音室,jpn,0,1,0.0%,65.0
2026-03-21,dr-35 dr-40 違い,jpn,0,1,0.0%,11.0
2026-03-21,how much to soundproof a room,usa,0,1,0.0%,83.0
2026-03-21,how to cheaply soundproof a room,usa,0,1,0.0%,59.0
2026-03-21,how to soundproof a room cheap,usa,0,1,0.0%,71.0
2026-03-21,soundproof room rental,gbr,0,1,0.0%,62.0
2026-03-21,styrofoam soundproofing,usa,0,1,0.0%,46.0
2026-03-21,wii fit 防音 マット 足音 振動,jpn,0,1,0.0%,13.0
2026-03-21,クローゼット 防音室,jpn,0,1,0.0%,67.0
2026-03-21,グランド ループ 対策,jpn,0,1,0.0%,58.0
2026-03-21,ドラム 防音室,jpn,0,1,0.0%,80.0
2026-03-21,賃貸 千葉 防音,jpn,0,1,0.0%,38.0
2026-03-21,賃貸 防音室 許可 なぜ,jpn,0,1,0.0%,12.0
2026-03-21,配信部屋,jpn,0,1,0.0%,22.0
2026-03-21,配信部屋 レイアウト,jpn,0,1,0.0%,25.0
2026-03-21,防振床,jpn,0,1,0.0%,70.0
2026-03-21,防音 ニトリ,jpn,0,1,0.0%,44.0
2026-03-21,防音 性能表記,jpn,0,1,0.0%,72.0
2026-03-21,防音シート 壁 ニトリ 効果,jpn,0,1,0.0%,11.0
2026-03-21,防音ニトリ,jpn,0,1,0.0%,41.0
2026-03-21,防音室 100万,jpn,0,1,0.0%,9.0
2026-03-21,防音室 diy,jpn,0,1,0.0%,67.0
2026-03-21,防音室 有線lan,jpn,0,1,0.0%,11.0
2026-03-21,防音工事 種類,jpn,0,1,0.0%,91.0
2026-03-21,電子ピアノ 打鍵音 静か,jpn,0,1,0.0%,56.0